time,title,source,section
2026-08-29T07:01:07+00:00,"Gold prices cut by Tk 7,115 per bhori - Views Bangladesh",Views Bangladesh,Federal Reserve
2026-08-29T06:08:18+00:00,"Gold price surge brings huge gains to producers in Q1’26, WGC says - BusinessLine",BusinessLine,XAUUSD Gold
2026-08-29T06:00:00+00:00,"The bond market prepares for a hike to interest rates, while US stocks drift lower - JHNewsAndGuide.com",JHNewsAndGuide.com,Federal Reserve
2026-08-29T05:50:10+00:00,"Gold, silver prices fall in Bangladesh - Banglanews24",Banglanews24,Federal Reserve
2026-08-29T05:10:00+00:00,Record Gold Prices Outpace Rising Mining Costs In Q1 2026 - Seeking Alpha,Seeking Alpha,XAUUSD Gold
2026-08-29T04:06:38+00:00,"US Fed Chair Kevin Warsh Jackson Hole speech impact on Indian stock market, gold-silver rates | Prediction for Monday - Livemint",Livemint,XAUUSD Gold
2026-08-29T02:03:45+00:00,"The bond market prepares for a hike to interest rates, while US stocks drift lower - LancasterOnline",LancasterOnline,Federal Reserve
2026-08-29T00:00:00+00:00,Gold Price Canada Today | Live Gold Price in CAD - KITCO,KITCO,XAUUSD Gold
2026-08-28T23:58:12+00:00,"Fed chair Warsh, concerned about inflation, says bank may have ‘work to do’ - The Washington Post",The Washington Post,Federal Reserve
2026-08-28T23:21:26+00:00,Fed Chair Warsh Speaks at the Federal Reserve Bank of Kansas City - C-SPAN,C-SPAN,Federal Reserve
2026-08-28T23:00:00+00:00,Gold price drops but still ahead of mining costs - Elko Daily Free Press,Elko Daily Free Press,XAUUSD Gold
2026-08-28T22:45:12+00:00,Fed Chair Warsh not ruling out interest rate hike amid inflation concerns - PBS,PBS,Federal Reserve
2026-08-28T21:53:00+00:00,Fed Chair suggests higher interest rates coming | WORLD - wng.org,wng.org,Federal Reserve
2026-08-28T21:10:16+00:00,Warsh's 'quieter Fed' now includes a smidgen of guidance - Reuters,Reuters,Federal Reserve
2026-08-28T20:56:00+00:00,"Gold Price Breakdown Puts $4,410 Support in Focus - FXEmpire",FXEmpire,XAUUSD Gold
2026-08-28T20:16:00+00:00,Gold Miner Newmont Eclipses Gold's Rally Thanks To A Dual Growth Engine - Investor's Business Daily,Investor's Business Daily,XAUUSD Gold
2026-08-28T20:06:41+00:00,Odds of higher interest rates soar after Fed Chair Warsh's remarks - WBFF,WBFF,Federal Reserve
2026-08-28T19:40:36+00:00,Odds of higher interest rates soar after Fed Chair Warsh's remarks - KBAK,KBAK,Federal Reserve
2026-08-28T19:39:34+00:00,"Where to next on interest rates? Warsh, Bessent point in opposite directions. - The Christian Science Monitor",The Christian Science Monitor,Federal Reserve
2026-08-28T19:32:00+00:00,Gold News: Gold Price Breaks 200-Day MA as Warsh Revives September Hike Bets - FXEmpire,FXEmpire,XAUUSD Gold
2026-08-28T19:30:00+00:00,'We have work to do': Fed Reserve Chair Warsh suggests rate hike in coming months amid high inflation - Fortune,Fortune,Federal Reserve
2026-08-28T19:24:29+00:00,"Wall Street holds out hope for gold despite fall to $4,445/oz, Main Street pares bullish majority with payrolls now in focus - KITCO",KITCO,XAUUSD Gold
2026-08-28T19:13:00+00:00,Warsh's Hawkish Jackson Hole Speech Sends Gold Sharply Lower - Yahoo Finance,Yahoo Finance,XAUUSD Gold
2026-08-28T19:09:00+00:00,"Investors heartened by Warsh inflation talk, still uncertain about Fed action - Reuters",Reuters,Federal Reserve
2026-08-28T19:01:19+00:00,Gold Is Forecast to Climb as Central Banks Buy the Precious Metal - Goldman Sachs,Goldman Sachs,XAUUSD Gold
2026-08-28T18:47:14+00:00,Gold takes a strong hit.. Federal statements cause the yellow metal to drop by more than 3% - المتداول العربي,المتداول العربي,XAUUSD Gold
2026-08-28T18:45:00+00:00,Gold Price Forecast — A Brief Pullback Before Resuming Higher - FXEmpire,FXEmpire,XAUUSD Gold
2026-08-28T18:27:00+00:00,Fed Chair Warsh signals rate hikes may be needed with US inflation stubbornly elevated - AP News,AP News,Federal Reserve
2026-08-28T17:52:50+00:00,"More U.S. rate hikes possible with inflation still elevated, Federal Reserve chair Kevin Warsh says - CBC",CBC,Federal Reserve
2026-08-28T17:24:35+00:00,"US Fed chair warns inflation progress insufficient, hints at rate hikes - Al Jazeera",Al Jazeera,Federal Reserve
2026-08-28T17:18:12+00:00,Federal Reserve is Highly Anticipated to Raise Interest Rates in Late 2026 - Norada Real Estate Investments,Norada Real Estate Investments,Federal Reserve
2026-08-28T17:15:06+00:00,Fed Chair Kevin Warsh Keeps Markets Guessing at Jackson Hole - observer.com,observer.com,Federal Reserve
2026-08-28T17:14:30+00:00,Gold price drops as Warsh warns Fed still has ‘work to do’ on inflation - Mining.com,Mining.com,XAUUSD Gold
2026-08-28T17:09:36+00:00,Kevin Warsh Said the Right Things. Now What? - Bloomberg.com,Bloomberg.com,Federal Reserve
2026-08-28T16:58:20+00:00,VIEW Rate-hike expectations rise on Warsh speech at Jackson Hole - Reuters,Reuters,Federal Reserve
2026-08-28T16:29:43+00:00,"Current price of gold: Aug. 28, 2026 - Fortune",Fortune,XAUUSD Gold
2026-08-28T16:16:29+00:00,Investors Expect Higher Rates After Fed Chairman’s Inflation Pledge - The New York Times,The New York Times,Federal Reserve
2026-08-28T16:14:00+00:00,"Gold Price Today: Gold Falls 2.04% on August 28, 2026 - USA Today",USA Today,XAUUSD Gold
2026-08-28T16:05:40+00:00,"Fed's Kevin Warsh warns inflation is too high, sparking bets rate hikes are coming - NPR",NPR,Federal Reserve
2026-08-28T15:40:02+00:00,Fed Chairman Kevin Warsh Leaves the Door Open for September Rate Hike in Jackson Hole Speech - Realtor.com,Realtor.com,Federal Reserve
2026-08-28T15:38:00+00:00,"In closely watched speech, Warsh signals Fed may need to raise rates - Politico",Politico,Federal Reserve
2026-08-28T15:37:02+00:00,Trump’s new Fed chair walks fine line on inflation in key speech - NBC News,NBC News,Federal Reserve
2026-08-28T15:22:10+00:00,September Fed decision is now a coin flip as rate hike odds increase post Warsh - CNBC,CNBC,Federal Reserve
2026-08-28T15:15:26+00:00,"Fed has 'work to do' if price rises don't ease for Americans, Warsh says - BBC",BBC,Federal Reserve
2026-08-28T15:14:50+00:00,US stocks hold steady after expectations rise for the Federal Reserve to raise interest rates - ABC Columbia,ABC Columbia,Federal Reserve
2026-08-28T15:02:00+00:00,"If the Federal Reserve Hikes Interest Rates in 2026, History Has Good and Bad News for Investors - The Motley Fool",The Motley Fool,Federal Reserve
2026-08-28T14:53:05+00:00,"Fed Chair Warsh signals rate hikes may be needed with inflation still elevated - ABC News - Breaking News, Latest News and Videos","ABC News - Breaking News, Latest News and Videos",Federal Reserve
2026-08-28T14:48:34+00:00,Fed's September Rate Hike Odds Jump After Signals - Briefs Finance,Briefs Finance,Federal Reserve
2026-08-28T14:43:00+00:00,"Fed Chair Warsh says inflation still too high, interest rates may need to be raised - Spectrum News",Spectrum News,Federal Reserve
2026-08-28T14:42:31+00:00,"Gold price falls to $4,543/oz after payrolls revisions show -79,000 jobs in 12 months to March 2026 - KITCO",KITCO,XAUUSD Gold
2026-08-28T14:31:00+00:00,Warsh indicates Fed could raise rates to cool inflation - The Hill,The Hill,Federal Reserve
2026-08-28T14:28:49+00:00,"Spot gold falls below $4,550/oz after final Consumer Sentiment falls to 51.7, one-year inflation expectations ease - KITCO",KITCO,XAUUSD Gold
2026-08-28T14:24:13+00:00,Fed chair signals interest rate hikes may be needed - Transport Topics,Transport Topics,Federal Reserve
2026-08-28T14:23:24+00:00,Fed's Warsh: Interest rate increases in play if inflation doesn't fall - Axios,Axios,Federal Reserve
2026-08-28T14:00:00+00:00,Key Takeaways From Fed Chairman Warsh’s Jackson Hole Speech - Bloomberg.com,Bloomberg.com,Federal Reserve
2026-08-28T13:44:00+00:00,Bitcoin’s Correlation With Gold Is Growing - Baystreet.ca,Baystreet.ca,XAUUSD Gold
2026-08-28T13:11:15+00:00,Nvidia Holds Up The Sky. Central Banks Buy More Gold - The Tech Buzz,The Tech Buzz,Central Banks
2026-08-28T13:04:00+00:00,"Gold Price Eyes $4,800 Breakout as Jackson Hole Decision Looms - FXEmpire",FXEmpire,XAUUSD Gold
2026-08-28T11:56:54+00:00,"Gold prices today, Friday, August 28, 2026: Gold steady as markets prepare for Warsh speech - Yahoo Finance",Yahoo Finance,XAUUSD Gold
2026-08-28T08:00:29+00:00,Fed Chairman Kevin Warsh stays quiet on interest rates but calls inflation ‘concerning’ - CNN,CNN,Federal Reserve
2026-08-28T07:44:40+00:00,"Gold Price Forecast: XAU/USD holds gains above $4,600 as bullish bias prevails - FXStreet",FXStreet,XAUUSD Gold
2026-08-28T07:13:29+00:00,Grayscale Highlights Increased Bitcoin Correlation with Gold - ForkLog,ForkLog,XAUUSD Gold
2026-08-28T07:12:48+00:00,"Gold Price Forecast: Ahead of Warsh's Jackson Hole Speech, Is Gold's Next Target $4,500 or $4,700? - TradingKey",TradingKey,XAUUSD Gold
2026-08-28T02:31:00+00:00,Gold drops as Fed's Warsh comments lift rate hike bets - CNBC,CNBC,XAUUSD Gold
2026-08-28T02:20:00+00:00,Gold drops 3% as Fed's Warsh comments lift rate hike bets - Reuters,Reuters,XAUUSD Gold
2026-08-28T00:53:39+00:00,Japanese Yen strengthens as Tokyo core CPI inflation bolsters BoJ rate hike chance - FXStreet,FXStreet,CPI
2026-08-27T18:55:59+00:00,Investors just moved $7 billion into Bitcoin and gold in five days to escape an accelerating dollar crisis - CryptoSlate,CryptoSlate,Central Banks
2026-08-27T18:05:23+00:00,Exclusive | Fed’s Collins Says Rate Increase Warranted If Inflation Disappoints - WSJ,WSJ,Federal Reserve
2026-08-27T17:06:00+00:00,"Forget $10,000 gold, the trend is higher until governments fix their debt – John LaForge - KITCO",KITCO,XAUUSD Gold
2026-08-27T14:47:52+00:00,Bitcoin ETFs Pull In $2.8B as Investors Rotate From AI Into the ‘Debasement Trade’ - TradingView,TradingView,Central Banks
2026-08-27T14:27:17+00:00,Fed's Hammack says 'now is the time to act' on raising interest rates - CNBC,CNBC,Federal Reserve
2026-08-27T13:39:16+00:00,What the Latest Economic Growth Data Means for Gold - U.S. Gold Bureau,U.S. Gold Bureau,Federal Reserve
2026-08-27T12:58:00+00:00,"New Fed chair Kevin Warsh under pressure to clarify views on inflation, interest rates - AP News",AP News,Federal Reserve
2026-08-27T12:48:00+00:00,‘Gold is a clear beneficiary of de-dollarization… and we think it can continue to climb’ – UBS - KITCO,KITCO,XAUUSD Gold
2026-08-27T12:13:41+00:00,"Gold prices today, Thursday, August 27, 2026: Prices pull back after PCE report, ahead of Warsh speech - Yahoo Finance",Yahoo Finance,XAUUSD Gold
2026-08-27T11:59:14+00:00,Bitcoin and Gold Rise on Dollar Softness as ETF Flows and Regulation Drive Diverging Moves - VT Markets,VT Markets,Central Banks
2026-08-27T11:30:00+00:00,"Current price of gold: Aug. 27, 2026 - Fortune",Fortune,XAUUSD Gold
2026-08-27T08:26:19+00:00,"Gold in a High-Level Tug-of-War: Central Bank Buying Provides Support, but Short-Term Chasing Offers Poor Risk-Reward - Moomoo",Moomoo,Central Banks
2026-08-27T06:54:40+00:00,Bdan Says Gold Prices Surge 18% in a Month as Safe-Haven Demand Grows - bloomingbit,bloomingbit,Geopolitics
2026-08-27T06:45:06+00:00,"Gold price is rising again: Should you sell, hold or buy more? Experts explain - The Economic Times",The Economic Times,Federal Reserve
2026-08-27T06:03:00+00:00,Harmony Gold’s Earnings Rise on Higher Gold Prices - WSJ,WSJ,XAUUSD Gold
2026-08-27T04:35:20+00:00,Gold price in India: Rates on August 27 - FXStreet,FXStreet,XAUUSD Gold
2026-08-27T03:44:00+00:00,"Gold Price Holds Above $4,600 Ahead of Warsh's Jackson Hole Speech - Yahoo Finance",Yahoo Finance,XAUUSD Gold
2026-08-27T02:19:18+00:00,"Central Banks Bought Record Gold in Q2 as Prices Fell, Then Surged in August - Startup Fortune",Startup Fortune,Central Banks
2026-08-26T22:06:27+00:00,Fed seen a bit more likely to hike after inflation data - Reuters,Reuters,Federal Reserve
2026-08-26T21:14:03+00:00,Gold Ran Past Wall Street’s Own Price Targets. Four Banks Disagree on What Happens Next. - GoldSilver,GoldSilver,Central Banks
2026-08-26T19:24:08+00:00,"China, Tether drive gold demand as mine output hits record - scanx.trade",scanx.trade,Central Banks
2026-08-26T18:26:45+00:00,"Record ETF flows show the ‘debasement trade’ is overtaking AI, analyst says - thestreet.com",thestreet.com,Central Banks
2026-08-26T16:15:00+00:00,"Gold Has Soared to $4,600. Is It Too Late to Buy This ETF? - The Motley Fool",The Motley Fool,Central Banks
2026-08-26T16:13:00+00:00,Deutsche Bank just made a fresh case for buying gold - thestreet.com,thestreet.com,Central Banks
2026-08-26T14:25:44+00:00,"Treasury Buyback Supports Gold Above $4,600 Despite Fed Tightening Risk - Crux Investor",Crux Investor,Central Banks
2026-08-26T13:02:25+00:00,"Current price of gold as of August 26, 2026 - Fortune",Fortune,XAUUSD Gold
2026-08-26T12:51:00+00:00,Inflation Holds Steady Ahead of the Fed’s September Decision - Investopedia,Investopedia,Federal Reserve
2026-08-26T09:30:00+00:00,"Gold price falls to session low $4,612/oz after U.S. durable goods rise 1.1% in July - KITCO",KITCO,XAUUSD Gold
2026-08-26T08:11:29+00:00,Gold's Consolidation Masks a Deeper Battle Between Fiscal Anxiety and Cooling Geopolitical Risk - Ad-hoc-news.de,Ad-hoc-news.de,Geopolitics
2026-08-26T07:00:00+00:00,Current U.S. Inflation Rate Is 3.4%: Chart and Why It Matters - NerdWallet,NerdWallet,CPI
2026-08-26T06:13:32+00:00,"Bad Weather Ignites the Gold Market: Key Market Trends, Safe-Haven Demand & Price Impact Explained - 36 Kr",36 Kr,Geopolitics
2026-08-26T03:50:02+00:00,"AUD/USD Nears 72c as AU and US CPI, Jackson Hole Loom - FOREX.com",FOREX.com,CPI
2026-08-26T03:14:14+00:00,"Gold price retreats from $4,700 as easing tensions in the Strait of Hormuz weaken safe-haven demand - Bitget",Bitget,Geopolitics
2026-08-26T00:31:40+00:00,"Gold Pulls Back From $4,700 as Hormuz Hopes Cool Haven Demand - CryptoRank",CryptoRank,Geopolitics
2026-08-25T20:40:00+00:00,Will Fed Chair Warsh actually say anything in his big Friday speech? - marketplace.org,marketplace.org,Federal Reserve
2026-08-25T18:34:00+00:00,Gold price hits three-month high amid fears over Iran war and Trump economy - The Guardian,The Guardian,XAUUSD Gold
2026-08-25T18:14:14+00:00,"Gold pulls back from $4,700 as Hormuz hopes cool haven demand - FXStreet",FXStreet,Geopolitics
2026-08-25T16:51:17+00:00,Gold Hits Record High as Tariff Conflict Fuels Safe-Haven Demand: Commerzbank - CryptoRank,CryptoRank,Geopolitics
2026-08-25T15:27:00+00:00,"Natixis raises gold price target to $5,000 as U.S. debt and bond market fears mount - KITCO",KITCO,XAUUSD Gold
2026-08-25T14:15:51+00:00,Gold price remains under pressure as U.S. new home sales fall 10.5% in July - KITCO,KITCO,XAUUSD Gold
2026-08-25T13:42:00+00:00,"Gold Price Forecast: $4,700 Resistance Signals Pullback Risk - FXEmpire",FXEmpire,XAUUSD Gold
2026-08-25T13:14:54+00:00,Gold Stocks Investors Are Watching As Safe Haven Demand Returns - simplywall.st,simplywall.st,Geopolitics
2026-08-25T12:01:28+00:00,Gold prices surge again! How does this differ from January? A deep dive into the drivers behind the rally and key levels to watch next - Moomoo,Moomoo,Federal Reserve
2026-08-24T20:44:27+00:00,Forex Today: US Dollar firms on safe-haven demand ahead of data-heavy Tuesday - tmgm.com,tmgm.com,Geopolitics
2026-08-24T20:09:31+00:00,"Gold tops $4,600 as investors eye PCE data and Jackson Hole - CryptoRank",CryptoRank,Federal Reserve
2026-08-24T20:07:43+00:00,Gold Rallies as New Iran Sanctions Boost Haven Demand - CryptoRank,CryptoRank,Geopolitics
2026-08-24T18:20:57+00:00,Gold rallies as Iran sanctions stoke haven demand - FXStreet,FXStreet,Geopolitics
2026-08-24T18:08:38+00:00,"Gold rallies towards $4,658 as Treasury buybacks weaken dollar and boost safe-haven demand - VT Markets",VT Markets,Geopolitics
2026-08-24T15:03:00+00:00,Gold’s Rally Pushes Price To Highest Level In 3 Months - Forbes,Forbes,XAUUSD Gold
2026-08-24T14:18:57+00:00,Gold and silver diverge as safe-haven demand lifts gold while silver slips - Investing.com,Investing.com,Geopolitics
2026-08-24T11:07:12+00:00,Gold Bulls Beware if US Dollar Starts to Turn - Investing.com,Investing.com,XAUUSD Gold
2026-08-24T09:43:07+00:00,"Gold Pushes Past $4,650 as U.S. Debt and Fiscal Concerns Fuel Safe-Haven Demand - Yahoo Finance UK",Yahoo Finance UK,Geopolitics
2026-08-24T09:10:16+00:00,Gold lifts TSX as trade tensions escalate - The Globe and Mail,The Globe and Mail,Geopolitics
2026-08-24T09:08:29+00:00,Gold Hits Three-Month High as Investors Boost Safe-Haven Demand - marketscreener.com,marketscreener.com,Geopolitics
2026-08-24T03:41:57+00:00,"Gold Climbs Above $4,600 as US Treasury Buyback Plans Fuel Safe-Haven Demand - CryptoRank",CryptoRank,Geopolitics
2026-08-23T06:09:12+00:00,Why is BOK buying gold again? - The Korea Herald,The Korea Herald,Central Banks
2026-08-22T05:23:57+00:00,Warsh's Jackson Hole debut lands 19 days before the Fed decision. - CME Group,CME Group,Federal Reserve
2026-08-21T23:05:31+00:00,Gold Poised for Third Weekly Gain as Rate-Cut Bets and Geopolitical Risks Drive Safe-Haven Demand - CryptoRank,CryptoRank,Geopolitics
2026-08-21T20:48:59+00:00,"Gold Price Climbs to $4,620 as Safe-Haven Demand Returns Across Global Markets - CryptoRank",CryptoRank,Geopolitics
2026-08-21T20:44:07+00:00,Gold Stocks Investors Are Watching as Safe Haven Demand Builds - simplywall.st,simplywall.st,Geopolitics
2026-08-21T19:06:46+00:00,"Gold Hits Three-Month High Above $4,600 as Middle East Tensions Drive Safe-Haven Demand - CryptoRank",CryptoRank,Geopolitics
2026-08-21T17:15:52+00:00,Gold Holds Safe-Haven Bid as US Debt Concerns Persist – Commerzbank - CryptoRank,CryptoRank,Geopolitics
2026-08-21T11:35:46+00:00,"Gold rebounds as bond jitters, debt fears and weaker dollar revive bullion demand - CNBC",CNBC,XAUUSD Gold
2026-08-21T11:35:14+00:00,"Gold hits $4,597 as Treasury buybacks fuel safe-haven demand - eciks.org",eciks.org,Geopolitics
2026-08-21T02:45:41+00:00,"Gold Climbs Above $4,500 as US Treasury Buyback Plan Fuels Safe-Haven Demand - CryptoRank",CryptoRank,Geopolitics
2026-08-20T07:00:00+00:00,The Fed's preferred measure of inflation is changing - marketplace.org,marketplace.org,Federal Reserve
2026-08-20T07:00:00+00:00,"XAUUSD (XAUUSD) Technical Analysis: Support, Resistance, Indicators & Moving Averages - TradingKey",TradingKey,XAUUSD Gold
2026-08-20T03:19:02+00:00,Gold Price Presses Against 0.618 Fibonacci Arc: XAU/USD Technical Outlook - CryptoRank,CryptoRank,XAUUSD Gold
2026-08-19T12:12:00+00:00,What to watch for in the next Fed minutes - marketplace.org,marketplace.org,Federal Reserve
2026-08-19T07:00:00+00:00,Gold Price Hits Two-Month High After Mostly Stagnant Summer - Forbes,Forbes,XAUUSD Gold
2026-08-19T07:00:00+00:00,'Many' Fed officials think higher rates will be needed if inflation stays high - PBS,PBS,Federal Reserve
2026-08-19T07:00:00+00:00,Federal Reserve officials hint rate increase may be necessary - The Hill,The Hill,Federal Reserve
2026-08-19T07:00:00+00:00,India gold market update: Recovery taking shape | Post by Kavita Chacko | Insights - World Gold Council,World Gold Council,Central Banks
2026-08-19T07:00:00+00:00,"Why Gold, Stocks and the Dollar are Declining at the Same Time - HF Markets",HF Markets,XAUUSD Gold
2026-08-18T07:00:00+00:00,"Gold Jumps 9% as Fed Hike Odds Fall, With Q2 Central Bank Buying Adding Longer-Term Support - Crux Investor",Crux Investor,Central Banks
2026-08-17T09:29:58+00:00,Gold Stocks In Focus As Geopolitical Risk Lifts Safe Haven Demand - simplywall.st,simplywall.st,Geopolitics
2026-08-17T07:00:00+00:00,"Fed to hold interest rates this year, economists say, sticking to their view: Reuters poll - Reuters",Reuters,Federal Reserve
2026-08-17T07:00:00+00:00,Central Bank Gold Reserves By Country | Map - BullionVault,BullionVault,Central Banks
2026-08-17T07:00:00+00:00,Gold Holds Gains as Soft US Data Bolsters Rate-Cut Expectations - CryptoRank,CryptoRank,Federal Reserve
2026-08-17T07:00:00+00:00,Gold shows early signs of reclaiming safe-haven appeal after Iran war selloff - Reuters,Reuters,Central Banks
2026-08-16T07:00:00+00:00,New surveys show central banks are ditching the dollar and buying more gold instead — should you follow along? - Yahoo Finance,Yahoo Finance,Central Banks
2026-08-15T07:00:00+00:00,Central Banks Bought A Record 289 Tonnes Of Gold As Prices Crashed - Startup Fortune,Startup Fortune,Central Banks
2026-08-14T19:59:40+00:00,EUR/USD Weekly Forecast: War Escalation Could Revive US Dollar Demand - CryptoRank,CryptoRank,Geopolitics
2026-08-14T09:13:35+00:00,"US–Iran peace deal lifts stocks and gold, while oil prices plunge - equiti.com",equiti.com,Geopolitics
2026-08-14T07:00:00+00:00,Profit-Taking Pulls Gold Lower & Central Banks Buy a Record 289 Tonnes - Crux Investor,Crux Investor,Central Banks
2026-08-14T07:00:00+00:00,"Gold, silver rise as weak retail sales cut Fed-hike odds - Kitco PM Report - KITCO",KITCO,Federal Reserve
2026-08-14T07:00:00+00:00,China gold market update: Strong official sector buying in July | Post by Ray Jia | Insights - World Gold Council,World Gold Council,Central Banks
2026-08-14T07:00:00+00:00,Gold Rally Is Missing One Key Ingredient - TradingView,TradingView,Central Banks
2026-08-13T07:00:00+00:00,COMMENTARY: Central banks spearhead renewed gold rush - Reuters,Reuters,Central Banks
2026-08-12T07:00:00+00:00,Investors worry leaner Fed guidance may come at a price - Reuters,Reuters,Federal Reserve
2026-08-12T07:00:00+00:00,"Consumer prices rose 0.1% in July, as expected, putting the annual rate at 3.4% - CNBC",CNBC,CPI
2026-08-12T07:00:00+00:00,"Inflation Was 3.4% in July, Down Slightly From the Previous Month - WSJ",WSJ,CPI
2026-08-12T07:00:00+00:00,July CPI Report Shows Inflation at a 3.4% Annual Rate - Morningstar,Morningstar,CPI
2026-08-12T07:00:00+00:00,Inflation slows but prices remain elevated as Iran war and spending on AI push up prices - AP News,AP News,CPI
2026-08-12T07:00:00+00:00,US annual inflation cooled to 3.4% in July as gas prices ease | CNN Business - CNN,CNN,CPI
2026-08-12T07:00:00+00:00,July CPI Report Lowers September Rate-Hike Odds: What to Know - Kiplinger,Kiplinger,CPI
2026-08-12T07:00:00+00:00,Wages haven't kept up with inflation for four straight months - Business Insider,Business Insider,CPI
2026-08-12T07:00:00+00:00,Here are five key takeaways from the July CPI inflation report - CNBC,CNBC,CPI
2026-08-12T07:00:00+00:00,"The CPI and Inflation, Explained - WSJ",WSJ,CPI
2026-08-12T07:00:00+00:00,"US Core Inflation Comes in Subdued, Easing Pressure on Fed - Bloomberg.com",Bloomberg.com,CPI
2026-08-12T07:00:00+00:00,Here's the inflation breakdown for July 2026 — in one chart - CNBC,CNBC,CPI
2026-08-12T07:00:00+00:00,Gold rises to over two-month peak as U.S. inflation data dampens rate hike bets - CNBC,CNBC,CPI
2026-08-12T07:00:00+00:00,"CPI report shows inflation cooled again, but still outpaced paychecks in July - USA Today",USA Today,CPI
2026-08-12T07:00:00+00:00,US consumer prices likely increased moderately in July as gasoline prices eased - Reuters,Reuters,CPI
2026-08-12T07:00:00+00:00,"Dollar gains, yen slips as US CPI meets expectations - Reuters",Reuters,CPI
2026-08-12T07:00:00+00:00,US inflation falls to 3.4% in July - Financial Times,Financial Times,CPI
2026-08-12T07:00:00+00:00,Here Are the Key Takeaways From the US CPI Report for July - Bloomberg.com,Bloomberg.com,CPI
2026-08-12T07:00:00+00:00,"US July CPI: Reassuring on the surface, yellow flags beneath - rbc.com",rbc.com,CPI
2026-08-12T07:00:00+00:00,Breaking: US CPI inflation softens to 3.4% in July as expected - FXStreet,FXStreet,CPI
2026-08-12T07:00:00+00:00,US CPI: Do the Markets Really Want Lower Inflation? - tastylive,tastylive,CPI
2026-08-12T07:00:00+00:00,Gold rises to over two-month peak as US inflation data dampens rate hike bets - Reuters,Reuters,CPI
2026-08-12T07:00:00+00:00,CPI inflation report set to show July prices rose 3.4% annually - eciks.org,eciks.org,CPI
2026-08-12T07:00:00+00:00,Forex Today: US CPI Inflation Report Set to Drive Market Volatility - CryptoRank,CryptoRank,CPI
2026-08-12T07:00:00+00:00,"Why Fed moves trump geopolitical risks, China gold buying in analysts’ forecasts - South China Morning Post",South China Morning Post,Geopolitics
2026-08-12T07:00:00+00:00,Oil and Gold Rise as Geopolitical Risks Pressure Markets Ahead of US Inflation Data - Межа. Новини України.,Межа. Новини України.,Geopolitics
2026-08-12T07:00:00+00:00,"Gold price tops $4,400 as cooling US inflation fuels Fed rate-cut hopes - CryptoRank",CryptoRank,Federal Reserve
2026-08-12T05:02:00+00:00,This Crypto Platform Buys Gold Like a Central Bank—and for the Very Same Reasons - Barron's,Barron's,Central Banks
2026-08-11T19:04:39+00:00,US CPI Preview: Will Inflation Tip the Scales on a Fed Rate Hike Next Month? - FOREX.com,FOREX.com,CPI
2026-08-11T07:00:41+00:00,Gold and Silver Enter Rare Territory as Breakouts Accelerate - FOREX.com,FOREX.com,XAUUSD Gold
2026-08-11T07:00:00+00:00,What To Expect From Wednesday’s Inflation Report - Investopedia,Investopedia,CPI
2026-08-11T07:00:00+00:00,An inflation report Wednesday should be a big deal for the Fed. Here's what to expect - CNBC,CNBC,CPI
2026-08-11T07:00:00+00:00,"Shafaq News..Oil, gold rise as geopolitical risks persist - شفق نيوز",شفق نيوز,Geopolitics
2026-08-10T07:00:00+00:00,July CPI Could Show Further Easing in Inflation - U.S. News & World Report,U.S. News & World Report,CPI
2026-08-10T07:00:00+00:00,"Wednesday’s crucial CPI report will show tamer inflation, according to prediction markets - CNBC",CNBC,CPI
2026-08-10T07:00:00+00:00,"Dollar gains, yen weakens as markets eye US CPI - Reuters",Reuters,CPI
2026-08-09T07:00:00+00:00,"Dollar gains, yen weakens as markets eye U.S. CPI - CNBC",CNBC,CPI
2026-08-09T07:00:00+00:00,"What to Expect in Markets This Week: July Inflation Data, Plus Updates on US Consumer Spending and Sentiment - Investopedia",Investopedia,CPI
2026-08-09T07:00:00+00:00,"[Gold Surges 7%, Breakout Imminent?] ETF Inflows, Central Bank Buying, and AI Stock Diversification: ""Three Tailwinds""?! - Moomoo",Moomoo,Central Banks
2026-08-08T07:00:00+00:00,Gold ETF Inflows Hit $3B in July After Recent Outflows: What’s Driving Gold ETF Inflows? - Cryptonews.net,Cryptonews.net,Central Banks
2026-08-07T07:00:00+00:00,"The Fed was expected to hike interest rates in September. Don't bet on that now, economists say. - CBS News",CBS News,Federal Reserve
2026-08-07T07:00:00+00:00,The Fed’s New Philosophy Could Be a Recipe for Interest Rate Volatility - Morningstar,Morningstar,Federal Reserve
2026-08-07T07:00:00+00:00,The Aug. 12 Inflation Report Could Decide Whether Kevin Warsh Raises Rates in September - Yahoo Finance,Yahoo Finance,CPI
2026-08-07T07:00:00+00:00,China’s Central Bank Adds 20 Tons to Gold Reserves in July - Bloomberg.com,Bloomberg.com,Central Banks
2026-08-07T07:00:00+00:00,Gold Advances as Middle East Uncertainty Supports Safe-Haven Demand Ahead of US Payrolls - Yahoo Finance,Yahoo Finance,Geopolitics
2026-08-07T07:00:00+00:00,Gold ETFs Add $3 Billion in July Reversing Two-Month Outflow Streak - BeInCrypto,BeInCrypto,Central Banks
2026-08-06T15:52:56+00:00,Gold Rises for Fourth Consecutive Day as Geopolitical Risks and Economic Data Bolster Safe-Haven Demand - CryptoRank,CryptoRank,Geopolitics
2026-08-06T07:00:00+00:00,Why a Fed Rate Cut Is Coming and How the Market Will React - Barron's,Barron's,Federal Reserve
2026-08-06T07:00:00+00:00,Warsh’s Faith in Markets Sidelines More Nuanced Fed Policy Tools - Bloomberg.com,Bloomberg.com,Federal Reserve
2026-08-06T07:00:00+00:00,Gold Holds Near Seven-Week Highs as Hormuz Shipping Doubts Revive Risk Premium - CryptoRank,CryptoRank,Geopolitics
2026-08-06T07:00:00+00:00,"Technical analysis of US Crude, XAUUSD and EURUSD for Today (August 6, 2026) - LiteFinance",LiteFinance,XAUUSD Gold
2026-08-06T07:00:00+00:00,Europe's golden heatwave - World Gold Council,World Gold Council,Central Banks
2026-08-06T07:00:00+00:00,Gold ETF Flows: July 2026 - Seeking Alpha,Seeking Alpha,Central Banks
2026-08-06T07:00:00+00:00,Chinese investors pour $1.2bn into gold ETFs in longest streak since March - TradingView,TradingView,Central Banks
2026-08-05T12:00:00+00:00,Gold Demand Trends: US Focus Q2 2026 - World Gold Council,World Gold Council,Central Banks
2026-08-05T07:00:00+00:00,"Has gold successfully found a floor at USD 4,000? Geopolitical risks combined with central banks' buying spree may propel gold prices back into an upward trajectory this year. - Moomoo",Moomoo,Geopolitics
2026-08-04T07:00:00+00:00,Bank of Korea starts long-term domestic gold buying program - KITCO,KITCO,Central Banks
2026-08-04T07:00:00+00:00,Gold Price Forecast: Safe-Haven Demand Grows Ahead of NFP as XAU/USD and Silver Test Key Resistance - FXEmpire,FXEmpire,Geopolitics
2026-08-04T07:00:00+00:00,Gold Prices Rise as Iran Deal Hopes and Lower US Yields Boost Safe-Haven Demand | Forex News Analysis - CryptoRank,CryptoRank,Geopolitics
2026-08-03T07:00:00+00:00,South Korea's central bank to buy gold from domestic producers - Reuters,Reuters,Central Banks
2026-08-03T07:00:00+00:00,"Central Banks Bought 289 Tonnes of Gold While Western ETFs Sold 61 Tonnes, Supporting Long-Term Gold Demand - Crux Investor",Crux Investor,Central Banks
2026-08-03T07:00:00+00:00,"Gold prices slightly lower on a manic Monday with wild swings in oil, equities - Investing.com",Investing.com,Geopolitics
2026-08-03T07:00:00+00:00,7 Best-Performing Gold Stocks For Hedging Against Volatility (August 2026) - NerdWallet,NerdWallet,XAUUSD Gold
2026-07-31T07:00:00+00:00,Central banks bought 76% less gold in Q1 after ‘sizeable’ data correction - The Banker magazine,The Banker magazine,Central Banks
2026-07-31T07:00:00+00:00,Asian gold demand fuels Hong Kong market rise - chinadailyhk,chinadailyhk,Central Banks
2026-07-30T07:00:00+00:00,Gold demand proves resilient despite Q2 selloff as central banks return and Asian buying remains strong - WGC - KITCO,KITCO,Central Banks
2026-07-29T07:00:00+00:00,"Divided Fed holds interest rates steady, but three members voted to hike - CNBC",CNBC,Federal Reserve
2026-07-29T07:00:00+00:00,Federal Funds Rate History 1990 to 2026 - Forbes,Forbes,Federal Reserve
2026-07-29T07:00:00+00:00,The Federal Reserve meets Wednesday. Could it raise interest rates? - Yahoo Finance,Yahoo Finance,Federal Reserve
2026-07-29T07:00:00+00:00,"Federal Reserve holds rates steady, punting inflation relief to the fall - Scotsman Guide",Scotsman Guide,Federal Reserve
2026-07-29T07:00:00+00:00,Fed holds interest rates as new Iran tensions raise inflation risks - The Hill,The Hill,Federal Reserve
2026-07-29T07:00:00+00:00,What to Watch for at the Fed Meeting - WSJ,WSJ,Federal Reserve
2026-07-29T07:00:00+00:00,July Fed Meeting Unpacked: What the Latest Decision May Mean for Investors - Lord Abbett,Lord Abbett,Federal Reserve
2026-07-29T07:00:00+00:00,Central banks slashed their gold purchases in early 2026 - Financial Times,Financial Times,Central Banks
2026-07-29T07:00:00+00:00,Gold awaits Fed decision as geopolitical risks keep markets cautious - FXStreet,FXStreet,Geopolitics
2026-07-28T07:00:00+00:00,Gold holds steady ahead of Fed's rate decision - CNBC,CNBC,Federal Reserve
2026-07-28T07:00:00+00:00,Investors are bracing for a hawkish Fed meeting. Here's what it means for markets. - Business Insider,Business Insider,Federal Reserve
2026-07-28T07:00:00+00:00,"Gold forecasts fall, but central bank buying expected to cushion retreat - Reuters",Reuters,Central Banks
2026-07-28T01:16:44+00:00,"US Dollar, USD/JPY Hold Firm Ahead of FOMC - FOREX.com",FOREX.com,XAUUSD Gold
2026-07-27T17:32:14+00:00,"Gold Forecast, News and Analysis (XAU/USD) - FXStreet",FXStreet,XAUUSD Gold
2026-07-27T07:00:00+00:00,What time is this week's Fed meeting? - Yahoo Finance,Yahoo Finance,Federal Reserve
2026-07-26T07:00:00+00:00,China's Gold imports hit highest level since 2024 | Gold demand surges as prices fall - WION,WION,Central Banks
2026-07-24T07:00:00+00:00,What to Watch for at Next Week’s Federal Reserve Meeting - Investopedia,Investopedia,Federal Reserve
2026-07-24T07:00:00+00:00,"Gold rises as Brent loses 4%, investors eye MidEast developments ahead of Fed meet - CNBC",CNBC,Geopolitics
2026-07-23T07:00:00+00:00,"Gold Holds Above $4,130 as Geopolitical Risks Support Demand - TradingPedia",TradingPedia,Geopolitics
2026-07-23T07:00:00+00:00,"Technical Analysis of US Crude, XAUUSD, and EURUSD for Today (July 23, 2026) - LiteFinance",LiteFinance,XAUUSD Gold
2026-07-23T07:00:00+00:00,ASIA GOLD India gold discounts hit seven-week high as demand weakens; China buying improves - Reuters,Reuters,Central Banks
2026-07-22T07:00:00+00:00,"Gold prices today, Wednesday, July 22: Renewed safe-haven demand pushes gold price higher - Yahoo Finance",Yahoo Finance,Geopolitics
2026-07-22T07:00:00+00:00,"Gold rises above $4,130 as geopolitical uncertainty supports safe-haven demand - Yahoo Finance",Yahoo Finance,Geopolitics
2026-07-22T07:00:00+00:00,Gold: Safe-haven demand offsets energy risks – ING - FXStreet,FXStreet,Geopolitics
2026-07-22T07:00:00+00:00,"Technical Analysis of US Crude, XAUUSD, and EURUSD for Today (July 22, 2026) - LiteFinance",LiteFinance,XAUUSD Gold
2026-07-22T07:00:00+00:00,Gold price breaks higher as US Dollar weakness fuels rally - FXStreet,FXStreet,XAUUSD Gold
2026-07-21T07:00:00+00:00,Central bank gold demand has ‘very long runway’ as East/West market split returns - Schroders - KITCO,KITCO,Central Banks
2026-07-21T07:00:00+00:00,Gold price rebounds as US-Iran conflict revives safe-haven demand - FXStreet,FXStreet,Geopolitics
2026-07-21T07:00:00+00:00,"Gold ETFs Lose US$8.9 Billion as COMEX Buying Climbs, Signaling Rate Bets Still Outweigh Ceasefire Relief - Crux Investor",Crux Investor,Central Banks
2026-07-20T07:00:00+00:00,"Gold holds near $4,000 as Fed rate expectations offset safe-haven demand - Yahoo Finance",Yahoo Finance,Geopolitics
2026-07-20T07:00:00+00:00,"Technical Analysis of US Crude, XAUUSD, and EURUSD for Today (July 20, 2026) - LiteFinance",LiteFinance,XAUUSD Gold
2026-07-19T04:55:18+00:00,Dollar-gold divergence: Navigating the 2026 reserve asset shift - Investing.com South Africa,Investing.com South Africa,XAUUSD Gold
2026-07-17T18:21:48+00:00,Why China’s Gold Buying Spree Outweighs India’s Pause - GoldSilver,GoldSilver,Central Banks
2026-07-17T07:00:00+00:00,Gold Purchases Accelerate as Dollar Confidence Wanes - Global Finance Magazine,Global Finance Magazine,Central Banks
2026-07-17T07:00:00+00:00,Hawkish Fed Expectations and Geopolitical Risks Keep Gold Under Pressure - Investing.com,Investing.com,Geopolitics
2026-07-17T07:00:00+00:00,Gold futures fell as rate pause offset safe haven demand. - CME Group,CME Group,Geopolitics
2026-07-16T07:00:00+00:00,Inflows From Nontraditional ETFs Drive Hong Kong ETF Market to a New High - Morningstar,Morningstar,Central Banks
2026-07-15T07:00:00+00:00,Gold price slips as Iran escalation overshadows soft US PPI - tmgm.com,tmgm.com,XAUUSD Gold
2026-07-14T07:00:00+00:00,"Consumer prices rose 3.5% annually in June, less than expected as energy prices eased - CNBC",CNBC,CPI
2026-07-14T07:00:00+00:00,June CPI Report Shows Inflation Slowed More Than Expected - Morningstar,Morningstar,CPI
2026-07-14T07:00:00+00:00,US CPI: One month buys the Fed time but it doesn’t buy a trend - rbc.com,rbc.com,CPI
2026-07-14T07:00:00+00:00,U.S. records deflation for the first time since 2020 - The Real Economy Blog,The Real Economy Blog,CPI
2026-07-14T07:00:00+00:00,"Technical Analysis of US Crude, XAUUSD, and EURUSD for Today (July 14, 2026) - LiteFinance",LiteFinance,XAUUSD Gold
2026-07-14T07:00:00+00:00,Gold ETFs Shine in H1 2026 with Unprecedented Liquidity - Investing News Network,Investing News Network,Central Banks
2026-07-14T07:00:00+00:00,"Chinese ETFs see worst June on record, but H1 numbers reveal resilient ETF, wholesale and PBoC demand – WGC’s Jia - KITCO",KITCO,Central Banks
2026-07-14T07:00:00+00:00,"Gold Price Forecast: XAU/USD rebounds above $4,000 with US CPI in focus - FXStreet",FXStreet,XAUUSD Gold
2026-07-14T07:00:00+00:00,China gold market update: June concludes a divided H1 | Post by Ray Jia | Insights - World Gold Council,World Gold Council,Central Banks
2026-07-13T07:00:00+00:00,"Gold ratios rebalance versus major assets, Mako Resource update - Canadian Mining Report",Canadian Mining Report,Geopolitics
2026-07-13T07:00:00+00:00,Gold: Rising Geopolitical Tensions Amplify Energy-Driven Inflation Risks - Investing.com,Investing.com,Geopolitics
2026-07-13T07:00:00+00:00,Gold Trims Earlier Losses as Middle East Tensions Reinforce Safe-Haven Demand - Yahoo Finance,Yahoo Finance,Geopolitics
2026-07-13T07:00:00+00:00,"Technical Analysis of US Crude, XAUUSD, and EURUSD for Today (July 13, 2026) - LiteFinance",LiteFinance,XAUUSD Gold
2026-07-11T07:00:00+00:00,China Gold Buying Surges While India's Silver Market Tightens at $80 for Silver - SD Bullion,SD Bullion,Central Banks
2026-07-10T07:00:00+00:00,Poland’s central bank is buying the dip as gold's biggest buyers aren't backing down - KITCO,KITCO,Central Banks
2026-07-10T07:00:00+00:00,Gold Prices Stall as Geopolitical Risks and Hawkish Fed Signals Collide - CryptoRank,CryptoRank,Geopolitics
2026-07-10T07:00:00+00:00,Gold Slips Toward Weekly Decline as Inflation Concerns Eclipse Safe-Haven Demand - Yahoo Finance UK,Yahoo Finance UK,Geopolitics
2026-07-10T07:00:00+00:00,India Gold Discounts Widen to $19 as China Buying Streak Hits 20 Months - Yahoo Finance,Yahoo Finance,Central Banks
2026-07-10T07:00:00+00:00,India Gold Discounts Widen to $19 as China Buying Streak Hits 20 Months - BeInCrypto,BeInCrypto,Central Banks
2026-07-10T02:18:18+00:00,"Amid recurring geopolitical tensions, gold prices are consolidating at a bottoming range, awaiting a rebound. - Moomoo",Moomoo,Geopolitics
2026-07-09T12:52:18+00:00,Gold to resume rally amid structural fiscal and geopolitical risks: HSBC - Investing.com,Investing.com,Geopolitics
2026-07-09T07:00:00+00:00,Gold Rebounds as Investors Balance Geopolitical Risks and Fed Outlook - Yahoo Finance UK,Yahoo Finance UK,Geopolitics
2026-07-09T07:00:00+00:00,"Technical Analysis of US Crude, XAUUSD, and EURUSD for Today (July 9, 2026) - LiteFinance",LiteFinance,XAUUSD Gold
2026-07-09T07:00:00+00:00,"XAU/USD Analysis 09/07: The $4,000 Level May Determine the Next Trend (chart) - Daily Forex",Daily Forex,XAUUSD Gold
2026-07-09T07:00:00+00:00,"UAE gold prices stable, loses Dh4.75 in one week amid fragile US-Iran ceasefire - Khaleej Times",Khaleej Times,Geopolitics
2026-07-09T07:00:00+00:00,"BTC, ETH, XRP price news: Bitcoin, ether steady, gold falls as U.S.-Iran strikes escalate - CoinDesk",CoinDesk,Geopolitics
2026-07-09T07:00:00+00:00,Gold ETF Flows: June 2026 (NYSEARCA:GLD) - Seeking Alpha,Seeking Alpha,Central Banks
2026-07-09T07:00:00+00:00,"Gold rebounds above $4,100 as falling Oil weighs on US Dollar - FXStreet",FXStreet,XAUUSD Gold
2026-07-09T07:00:00+00:00,ASIA GOLD Gold discounts in India deepen as volatility hurts demand; purchases in China steady - Reuters,Reuters,Central Banks
2026-07-08T07:00:00+00:00,"Fed officials were split on direction of interest rates at last meeting, minutes show - CNBC",CNBC,Federal Reserve
2026-07-08T07:00:00+00:00,"Fed policymakers' inflation concerns grew at June meeting, minutes show - Reuters",Reuters,Federal Reserve
2026-07-08T07:00:00+00:00,Tanzania's central bank buys 28 tons of gold over past 18 months for reserves - Reuters,Reuters,Central Banks
2026-07-08T07:00:00+00:00,"Technical Analysis of US Crude, XAUUSD, and EURUSD for Today (July 8, 2026) - LiteFinance",LiteFinance,XAUUSD Gold
2026-07-08T07:00:00+00:00,The Fed Is Split 9 to 8. Gold and Silver Are Paying the Price — Until July 14. - GoldSilver,GoldSilver,Federal Reserve
2026-07-08T07:00:00+00:00,H1 flows remain positive - World Gold Council,World Gold Council,Central Banks
2026-07-08T07:00:00+00:00,First-half gold ETF flows remained positive – World Gold Council - Mining Weekly,Mining Weekly,Central Banks
2026-07-08T07:00:00+00:00,China gold ETFs see record US$2.91 billion outflow in June as risk appetite returns - South China Morning Post,South China Morning Post,Central Banks
2026-07-08T07:00:00+00:00,Investors flee gold ETFs in June as hawkish Fed expectations drive liquidation - KITCO,KITCO,Central Banks
2026-07-07T07:00:00+00:00,"China’s central bank buys the dip, increasing gold reserves by 15 tonnes in June - KITCO",KITCO,Central Banks
2026-07-07T07:00:00+00:00,Central banks double down on gold as geopolitical risks reshape reserve strategies - TradingView,TradingView,Geopolitics
2026-07-07T07:00:00+00:00,"Technical Analysis of US Crude, XAUUSD, and EURUSD for Today (July 7, 2026) - LiteFinance",LiteFinance,XAUUSD Gold
2026-07-06T07:00:00+00:00,ETF Investors Trade Crypto and Gold for Semiconductors in June - Morningstar,Morningstar,Central Banks
2026-07-03T07:00:00+00:00,Central banks boost gold reserves with net 41 tonnes purchased in May – World Gold Council - KITCO,KITCO,Central Banks
2026-07-03T07:00:00+00:00,"State Street’s baseline scenario sees gold price as high as $5,500/oz by Q1 2027 - KITCO",KITCO,XAUUSD Gold
2026-07-03T07:00:00+00:00,India gold demand diminishes as prices rebound; China buying improves - Moneycontrol.com,Moneycontrol.com,Central Banks
2026-07-02T07:00:00+00:00,Central bank gold statistics: Central banks remain committed to gold | Post by Marissa Salim | Insights - World Gold Council,World Gold Council,Central Banks
2026-07-02T07:00:00+00:00,Why Are Central Banks Buying So Much Gold? 90% Institutions Cite This Reason - Yahoo Finance,Yahoo Finance,Central Banks
2026-07-02T07:00:00+00:00,India gold demand diminishes as prices rebound; China buying improves - TradingView,TradingView,Central Banks
2026-07-01T07:00:00+00:00,"Gold price outlook hinges on macroeconomic conditions as geopolitical risks, Asian demand gain influence - Mining Weekly",Mining Weekly,Geopolitics
2026-07-01T07:00:00+00:00,"ZAWYA: Gold faces a pivotal second half as geopolitical risk, rate expectations, and investor positioning collide - TradingView",TradingView,Geopolitics
2026-07-01T07:00:00+00:00,"Technical Analysis of US Crude, XAUUSD, and EURUSD for Today (July 1, 2026) - LiteFinance",LiteFinance,XAUUSD Gold
2026-07-01T07:00:00+00:00,Jim Cramer looks at the correlation between oil and the U.S. dollar - CNBC,CNBC,XAUUSD Gold
2026-07-01T07:00:00+00:00,‘Upside potential’: Why Asian gold buyers offer hope to regain lost ground - South China Morning Post,South China Morning Post,Central Banks
2026-06-30T07:00:00+00:00,"Technical Analysis of US Crude, XAUUSD, and EURUSD for Today (June 30, 2026) - LiteFinance",LiteFinance,XAUUSD Gold
2026-06-29T07:00:00+00:00,"Gold Analysis: Could XAU/USD Bounce from the Crucial $4,000 Level? - Action Forex",Action Forex,XAUUSD Gold
2026-06-26T12:39:53+00:00,Gold at an all-time high vs DXY resilience: Decoding the 2026 flight to quality - Investing.com,Investing.com,XAUUSD Gold
2026-06-26T07:00:00+00:00,Precious metals retreat from record highs - World Bank Blogs,World Bank Blogs,Geopolitics
2026-06-26T07:00:00+00:00,"Technical Analysis of US Crude, XAUUSD, and EURUSD for Today (June 26, 2026) - LiteFinance",LiteFinance,XAUUSD Gold
2026-06-26T07:00:00+00:00,Why Has Gold Fallen So Much? - Robin J Brooks | Substack,Robin J Brooks | Substack,Federal Reserve
2026-06-26T07:00:00+00:00,India swings to premium on price retreat; China demand muted - The Economic Times,The Economic Times,Central Banks
2026-06-25T07:00:00+00:00,Central bank gold holdings are at a 50-year high. What’s behind the jump in reserves? - The Conversation,The Conversation,Central Banks
2026-06-24T08:51:39+00:00,Examining the new market reality - worldfinance.com,worldfinance.com,XAUUSD Gold
2026-06-24T07:00:00+00:00,"Gold hits over seven-month low as dollar firms, rate hike bets rise - CNBC",CNBC,Federal Reserve
2026-06-23T07:00:00+00:00,How To Read Gold Charts: Technical Analysis Fundamentals For XAU/USD - Breaking AC News,Breaking AC News,XAUUSD Gold
2026-06-23T07:00:00+00:00,Gold and silver tumble as rate-hike fears hit precious metals - CNBC,CNBC,Federal Reserve
2026-06-22T07:00:00+00:00,June Fed Meeting: Policy Signals from the New Chairman - Lord Abbett,Lord Abbett,Federal Reserve
2026-06-22T07:00:00+00:00,Will New US Fed Chair Kevin Warsh Raise Interest Rates This Year? - Morningstar,Morningstar,Federal Reserve
2026-06-22T07:00:00+00:00,Investment Managers React To Central Bank Rate Decisions - Family Wealth Report,Family Wealth Report,Federal Reserve
2026-06-20T07:00:00+00:00,No Fed rate cut expected this year! Goldman Sachs slashes gold price target as long-term bulls turn cautious - Moomoo,Moomoo,Federal Reserve
2026-06-19T07:00:00+00:00,"Technical Analysis of US Crude, XAUUSD, and EURUSD for Today (June 19, 2026) - LiteFinance",LiteFinance,XAUUSD Gold
2026-06-19T07:00:00+00:00,Goldman Sachs cuts year-end gold forecast by $500 on fading Fed rate cut hopes (GLD:NYSEARCA) - Seeking Alpha,Seeking Alpha,Federal Reserve
2026-06-19T07:00:00+00:00,Goldman Sachs Reduced Its Gold Price Target for the End of 2026 - Yahoo Finance,Yahoo Finance,Federal Reserve
2026-06-18T07:00:00+00:00,Gold Rebounds as U.S.-Iran Agreement Supports Safe-Haven Demand - Yahoo Finance,Yahoo Finance,Geopolitics
2026-06-18T07:00:00+00:00,Gold climbs over 1% after oil slump as markets react to new US-Iran ceasefire pact - Firstpost,Firstpost,Geopolitics
2026-06-18T07:00:00+00:00,"Gold, Silver Give Back Peace-Deal Rebound as Hawkish Fed Drives Dollar to 1-Year High | Gold News - BullionVault",BullionVault,Geopolitics
2026-06-18T07:00:00+00:00,"Gold And Silver Futures Fall As Fed Holds Rates Steady, Indicates Future Hikes - Forbes",Forbes,Federal Reserve
2026-06-18T07:00:00+00:00,"Gold on track for third weekly loss on firm dollar, hawkish Fed signals - CNBC",CNBC,Federal Reserve
2026-06-18T07:00:00+00:00,"ASIA GOLD Price volatility keeps India demand modest, China flips to discount - Reuters",Reuters,Central Banks
2026-06-18T06:12:20+00:00,Gold Markets Reprice as Middle East Risk Premium Fades - stonex.com,stonex.com,Geopolitics
2026-06-17T07:00:00+00:00,"Fed holds rates steady, pares down statement to remove cutting bias - CNBC",CNBC,Federal Reserve
2026-06-17T07:00:00+00:00,Fed issues the first rate decision of the Kevin Warsh era - mpamag.com,mpamag.com,Federal Reserve
2026-06-17T07:00:00+00:00,Key Takeaways From Fed Decision to Hold Rates Steady - Bloomberg.com,Bloomberg.com,Federal Reserve
2026-06-17T07:00:00+00:00,What The Fed's Rate Decision Means For Your Finances - Investopedia,Investopedia,Federal Reserve
2026-06-17T07:00:00+00:00,Central banks are bringing gold reserves home as geopolitical risks rise - CNBC,CNBC,Central Banks
2026-06-17T07:00:00+00:00,"Gold drops below $4,300/oz as Fed votes 12-0 in favor of rate hold, but nearly half of policymakers see a rate hike in 2026 - KITCO",KITCO,Federal Reserve
2026-06-17T07:00:00+00:00,The Fed Just Killed Its Rate Roadmap. Here’s What That Means for Gold. - GoldSilver,GoldSilver,Federal Reserve
2026-06-16T07:00:00+00:00,Kevin Warsh faces first major test as Federal Reserve chair - Northeastern Global News,Northeastern Global News,Federal Reserve
2026-06-16T07:00:00+00:00,The Fed's Two-Day Meeting Starts Today—Here's What You Need to Know - Investopedia,Investopedia,Federal Reserve
2026-06-16T07:00:00+00:00,Central Bank Gold Reserves Survey 2026 - World Gold Council,World Gold Council,Central Banks
2026-06-16T07:00:00+00:00,Central banks set to step up gold buying over the next year - World Gold Council,World Gold Council,Central Banks
2026-06-16T07:00:00+00:00,Gold Price Analysis 16/06: Will XAU/USD Break $4500? - Daily Forex,Daily Forex,XAUUSD Gold
2026-06-16T07:00:00+00:00,Gold rises over 1% as US-Iran peace deal optimism eases rate hike bets - Reuters,Reuters,Geopolitics
2026-06-15T07:00:00+00:00,More Central Banks Than Ever Say They Will Buy Gold This Year - Bloomberg.com,Bloomberg.com,Central Banks
2026-06-15T07:00:00+00:00,"Gold (XAUUSD), Silver, Platinum Forecasts – Gold Rallies As Geopolitical Risks Decline - FXEmpire",FXEmpire,Geopolitics
2026-06-15T07:00:00+00:00,"Technical Analysis of US Crude, XAUUSD, and EURUSD for Today (June 15, 2026) - LiteFinance",LiteFinance,XAUUSD Gold
2026-06-15T07:00:00+00:00,"Gold prices today, Monday, June 15: Gold moves higher following U.S., Iran ceasefire agreement - Yahoo Finance",Yahoo Finance,Geopolitics
2026-06-15T07:00:00+00:00,Gold jumps after US and Iran announce framework peace deal - Межа. Новини України.,Межа. Новини України.,Geopolitics
2026-06-14T07:00:00+00:00,"As geopolitical risks materialize, gold prices have hit a bottom and begun to rebound, with reversal opportunities gradually emerging. - Moomoo",Moomoo,Geopolitics
2026-06-14T07:00:00+00:00,"Donald Trump: Deal With Iran is Complete – Bitcoin, Gold and Oil React - BeInCrypto",BeInCrypto,Geopolitics
2026-06-13T07:00:00+00:00,The great gold myth: Why the precious metal isn’t the war hedge we’re told it is - MarketWatch,MarketWatch,Geopolitics
2026-06-12T07:00:00+00:00,Central bank gold statistics: Central banks resume net buying in April | Post by Marissa Salim | Insights - World Gold Council,World Gold Council,Central Banks
2026-06-12T07:00:00+00:00,ASIA GOLD India gold demand ticks up as prices slip; China premiums ease - Reuters,Reuters,Central Banks
2026-06-12T07:00:00+00:00,China gold market update: Official buying accelerated in May | Post by Ray Jia | Insights - World Gold Council,World Gold Council,Central Banks
2026-06-12T07:00:00+00:00,"India's gold demand picks up, China premiums ease: What is driving the trend - CNBC TV18",CNBC TV18,Central Banks
2026-06-11T07:00:00+00:00,Gold Technical Outlook: XAU/USD Selloff Meets Fed Headwinds - FOREX.com,FOREX.com,XAUUSD Gold
2026-06-11T07:00:00+00:00,"XAU/USD Analysis Today 11/06: Selling Pressure Intensifies, $4,000 Under Threat (chart) - Daily Forex",Daily Forex,XAUUSD Gold
2026-06-10T07:00:00+00:00,"Consumer prices rose 4.2% annually in May, highest in three years - CNBC",CNBC,CPI
2026-06-10T07:00:00+00:00,XAU/USD Analysis Today 10/06: Are Prices Approaching a Test of the $4000 Psychological Support Level? (chart) - Daily Forex,Daily Forex,XAUUSD Gold
2026-06-10T07:00:00+00:00,"Gold slides 3% as Middle East escalation fuels inflation, rate-hike concerns - Reuters",Reuters,Geopolitics
2026-06-10T07:00:00+00:00,Oil prices rise while gold plunges following Iran war escalation - news24.com.au,news24.com.au,Geopolitics
2026-06-10T07:00:00+00:00,Iran war drags India MF equity flows to annual low; gold ETFs see record outflows - Reuters,Reuters,Central Banks
2026-06-09T17:32:34+00:00,Why did gold prices drop sharply despite the escalating tensions of the Iran war - المتداول العربي,المتداول العربي,Geopolitics
2026-06-09T07:00:00+00:00,No Fed Rate Cuts Anytime Soon - American Enterprise Institute - AEI,American Enterprise Institute - AEI,Federal Reserve
2026-06-09T07:00:00+00:00,Why the Fed Is Unlikely to Cut Rates This Year - Goldman Sachs,Goldman Sachs,Federal Reserve
2026-06-09T07:00:00+00:00,XAU/USD Analysis Today 09/06: Continued Downward Trend (chart) - Daily Forex,Daily Forex,XAUUSD Gold
2026-06-09T07:00:00+00:00,Gold recovers as Iran-Israel ceasefire holds - Economies.com,Economies.com,Geopolitics
2026-06-08T07:00:00+00:00,Why Is Gold Going Down? Gold Price Falls Below 200 EMA And This XAU/USD Forecasts Shows -20% Target - TradingView,TradingView,XAUUSD Gold
2026-06-08T07:00:00+00:00,Gold Holds Decline as Iran Attacks Threatens Mideast Ceasefire - Bloomberg.com,Bloomberg.com,Geopolitics
2026-06-08T07:00:00+00:00,Gold erases losses despite strong US jobs data as ceasefire hopes emerge - KITCO,KITCO,Geopolitics
2026-06-06T07:00:00+00:00,Gold Price Forecast: XAU/USD Drops 12%—Yearly Support Now Critical - FOREX.com,FOREX.com,XAUUSD Gold
2026-06-06T07:00:00+00:00,"Since 2022, Gold Gained A New Correlated Asset, And It Now Points To A 23% Upside (GLD) - Seeking Alpha",Seeking Alpha,XAUUSD Gold
2026-06-05T07:00:00+00:00,Gold suffers largest single-day drop since march as blowout jobs report slams rate-cut odds - KITCO,KITCO,Federal Reserve
2026-06-05T07:00:00+00:00,Gold ETF Flows: May 2026 - Seeking Alpha,Seeking Alpha,Central Banks
2026-06-05T07:00:00+00:00,Asia Gold: India gold demand subdued on buyer caution amid volatile prices - Reuters,Reuters,Central Banks
2026-06-04T07:00:00+00:00,"Gold climbs as Middle East ceasefire hopes pressure dollar, bond yields - Reuters",Reuters,Geopolitics
2026-06-04T07:00:00+00:00,Flows shift from flood to trickle - World Gold Council,World Gold Council,Central Banks
2026-06-03T07:00:00+00:00,"Gold climbs as Middle East ceasefire hopes pressure dollar, bond yields - CNBC",CNBC,Geopolitics
2026-06-03T07:00:00+00:00,TD Securities cuts H2 2026 gold price forecasts as markets price in Fed rate hike - KITCO,KITCO,Federal Reserve
2026-06-02T07:00:00+00:00,"XAU/USD Analysis 02/06: Price Returns to $4,445 and Completely Changes the Scene $ - Daily Forex",Daily Forex,XAUUSD Gold
2026-06-01T07:00:00+00:00,Geopolitics or Monetary Policy: Which Matters More for the Evolution of Gold Prices? - Funds Society,Funds Society,Geopolitics
2026-06-01T07:00:00+00:00,Gold price falls nearly 2% as Middle East tensions escalate again - Mining.com,Mining.com,Geopolitics
2026-05-29T07:00:00+00:00,"Gold edges higher as investors weigh US-Iran ceasefire deal reports, Fed rate outlook - The Economic Times",The Economic Times,Geopolitics
2026-05-29T07:00:00+00:00,India gold demand tepid on price volatility; China premiums narrow - Reuters,Reuters,Central Banks
2026-05-29T07:00:00+00:00,India's 15% Gold Tariff Is Crushing Demand Just as Brazil's Permit Crackdown Threatens Supply - Crux Investor,Crux Investor,Central Banks
2026-05-29T01:46:57+00:00,Gold increases on US-Iran peace deal hopes and test a key support area - equiti.com,equiti.com,Geopolitics
2026-05-28T07:00:00+00:00,Gold ticks up amid weaker dollar as Trump says to make final decision on Iran deal - Investing.com,Investing.com,Geopolitics
2026-05-26T08:25:22+00:00,gold dollar correlation Archives - GoldSilver,GoldSilver,XAUUSD Gold
2026-05-26T07:00:00+00:00,Gold SWOT: Net gold ETF inflows turned positive for the first time since early April - KITCO,KITCO,Central Banks
2026-05-26T07:00:00+00:00,"The US dollar has formed a death cross, gold is approaching oversold territory—will the calm amid US-Iran tensions soon break? - Moomoo",Moomoo,XAUUSD Gold
2026-05-25T07:00:00+00:00,Gold price rallies as Hormuz deal bets batter the US Dollar - FXStreet,FXStreet,XAUUSD Gold
2026-05-24T07:00:00+00:00,Oil and gold prices: Will US-Iran peace deal reshape markets next week? - Khaleej Times,Khaleej Times,Geopolitics
2026-05-22T07:00:00+00:00,"Price volatility keeps India demand subdued, China premiums ease - Reuters",Reuters,Central Banks
2026-05-16T03:27:51+00:00,U.S. dollar gold relationship Archives - GoldSilver,GoldSilver,XAUUSD Gold
2026-05-15T07:00:00+00:00,Asia Gold: India discounts soar to record high on import duty hike; China premiums firm - Reuters,Reuters,Central Banks
2026-05-14T07:00:00+00:00,"Gold ETF Demand Has Cooled in the US, but Not Elsewhere - ETF.com",ETF.com,Central Banks
2026-05-14T07:00:00+00:00,China gold market update: A notable rise in gold reserves | Post by Ray Jia | Insights - World Gold Council,World Gold Council,Central Banks
2026-05-13T07:00:00+00:00,"EXPLAINER: Why India’s higher tariffs are unlikely to dent gold, silver demand - Mining.com",Mining.com,Central Banks
2026-05-12T07:00:00+00:00,Gold Technical Analysis: XAU/USD Range Tightens- Breakout Incoming? - FOREX.com,FOREX.com,XAUUSD Gold
2026-05-12T07:00:00+00:00,Gold (XAU/USD) rises slow and steady – In-depth Gold technical analysis - marketpulse.com,marketpulse.com,XAUUSD Gold
2026-05-12T07:00:00+00:00,In-Depth Gold (XAUUSD:CUR) Technical Analysis: Gold Rises Slow And Steady - Seeking Alpha,Seeking Alpha,XAUUSD Gold
2026-05-12T07:00:00+00:00,Gold extends decline as inflation woes weigh on rate cut bets - CNBC,CNBC,Federal Reserve
2026-05-11T07:00:00+00:00,Crude oil trades over $105/bbl as concerns remain around ‘weak’ US-Iran ceasefire deal; gold up 0.2% - Upstox,Upstox,Geopolitics
2026-05-11T07:00:00+00:00,"Silver Leaps, Gold Gains as China 'Buys Bullion as Hard Currency' - BullionVault",BullionVault,Central Banks
2026-05-09T07:00:00+00:00,Gold Price Forecast: XAU/USD Defends Key Support- Range Breakout Ahead - FOREX.com,FOREX.com,XAUUSD Gold
2026-05-09T07:00:00+00:00,"Gold Touches Record Highs, Aiming for Weekly Gains Amid Hopes for End to Iran War - صوت الإمارات",صوت الإمارات,Geopolitics
2026-05-08T07:00:00+00:00,Why Peace Is Bullish for Gold in 2026 (And War Isn’t) - GoldSilver,GoldSilver,Geopolitics
2026-05-08T07:00:00+00:00,Gold and Oil Move Opposite Ways. Here’s Why That Matters - GoldSilver,GoldSilver,XAUUSD Gold
2026-05-07T07:00:00+00:00,The West returns to the fold - World Gold Council,World Gold Council,Central Banks
2026-05-07T07:00:00+00:00,Gold ETF Flows: April 2026 - Seeking Alpha,Seeking Alpha,Central Banks
2026-05-07T07:00:00+00:00,"ASIA GOLD India gold demand eases, China premiums rise ahead of holiday - Reuters",Reuters,Central Banks
2026-05-07T07:00:00+00:00,"India demand subdued on higher prices, China premiums hold firm - Reuters",Reuters,Central Banks
2026-05-04T07:00:00+00:00,Why Gold Is Rangebound Despite Inflation and Geopolitical Risk - U.S. Gold Bureau,U.S. Gold Bureau,Geopolitics
2026-04-30T07:00:00+00:00,Geopolitical risk premium to lift gold prices further: WGC - Arab News,Arab News,Geopolitics
2026-04-30T07:00:00+00:00,"Fed Keeps Rates Unchanged, How Powell’s Remarks Affect US Stocks, Dollar and Gold? - TradingKey",TradingKey,Federal Reserve
2026-04-30T07:00:00+00:00,"The central banks of Poland, Turkey, India and China have been some of the biggest buyers of gold in the past several years. - facebook.com",facebook.com,Central Banks
2026-04-29T07:00:00+00:00,Fed holds rates steady but with highest level of dissent since 1992 - CNBC,CNBC,Federal Reserve
2026-04-29T07:00:00+00:00,"Gold Squeezed Between Safe-Haven Allure, Rate Fears as Underlying Demand Holds - WSJ",WSJ,Geopolitics
2026-04-29T07:00:00+00:00,Gold and Silver Analysis: Short-Term Pressure Builds Ahead of Powell Speech - FXEmpire,FXEmpire,Federal Reserve
2026-04-29T07:00:00+00:00,Gold Price Forecast: Can Fed Chair Powell rescue XAU/USD buyers? - FXStreet,FXStreet,Federal Reserve
2026-04-29T07:00:00+00:00,XAU/USD outlook: Gold remains under increased pressure ahead of FOMC decision and Powell - FXStreet,FXStreet,Federal Reserve
2026-04-29T07:00:00+00:00,Gold Price Today: What to Watch Before the April 29 FOMC - GoldSilver,GoldSilver,Federal Reserve
2026-04-29T07:00:00+00:00,Gold Demand Trends: US Focus Q1 2026 - World Gold Council,World Gold Council,Central Banks
2026-04-29T07:00:00+00:00,Gold Demand Trends: India Focus Q1 2026 - World Gold Council,World Gold Council,Central Banks
2026-04-29T07:00:00+00:00,Jewellery - World Gold Council,World Gold Council,Central Banks
2026-04-28T10:40:32+00:00,powell press conference gold 2026 Archives - GoldSilver,GoldSilver,Federal Reserve
2026-04-28T07:00:00+00:00,Here's everything to expect when the Fed issues its latest interest rate decision Wednesday - CNBC,CNBC,Federal Reserve
2026-04-27T07:00:00+00:00,Powell Press Conference: What It Means for Gold - GoldSilver,GoldSilver,Federal Reserve
2026-04-24T07:00:00+00:00,Gold (XAU/USD) Technical Analysis: Bulls Defend $4700 Support. Is a Break above $4750 on the Way? - Action Forex,Action Forex,XAUUSD Gold
2026-04-24T07:00:00+00:00,Gold-Dollar Correlation Break: Why Gold Rises With a Stronger USD - EBC Financial Group,EBC Financial Group,XAUUSD Gold
2026-04-24T07:00:00+00:00,India gold premiums hit over 10-week high on tight supply; China demand rises - Reuters,Reuters,Central Banks
2026-04-23T07:00:00+00:00,"XAU/USD Analysis Today 23/04: Strong Dollar Pressures Gold—Will It Test the $4,600 Support Soon? (chart) - Daily Forex",Daily Forex,XAUUSD Gold
2026-04-23T07:00:00+00:00,Crude oil prices top $106/bbl amid Israel-Lebanon ceasefire deal extension; Gold down 0.3% - Upstox,Upstox,Geopolitics
2026-04-22T07:00:00+00:00,"Gold Steadies as Trump Extends Iran Ceasefire, Peace Talks Stall - Bloomberg.com",Bloomberg.com,Geopolitics
2026-04-22T07:00:00+00:00,"Gold rises on bargain-hunting after one-week low, U.S.-Iran talks in focus - CNBC",CNBC,Geopolitics
2026-04-22T07:00:00+00:00,"Gold steadies as Trump extends Iran ceasefire, peace talks stall - Moneycontrol.com",Moneycontrol.com,Geopolitics
2026-04-22T07:00:00+00:00,How does the Fed impact gold prices? What investors should know - Fortune,Fortune,Federal Reserve
2026-04-20T07:00:00+00:00,"Oil Surges, Gold Slips as US Navy Seizes Iranian Ship Amid Ceasefire Collapse - Investing News Network",Investing News Network,Geopolitics
2026-04-17T07:00:00+00:00,"Gold holds steady, eyes fourth weekly gain on US-Iran peace deal hopes - Moneycontrol.com",Moneycontrol.com,Geopolitics
2026-04-17T07:00:00+00:00,Gold extends gains after Iran minister declares Strait of Hormuz open - Reuters,Reuters,Geopolitics
2026-04-17T07:00:00+00:00,The Largest Gold ETF Outflow Ever – But China Disagrees - GoldSilver,GoldSilver,Central Banks
2026-04-16T07:00:00+00:00,Gold holds ground with market focus on Iran peace talks - Reuters,Reuters,Geopolitics
2026-04-16T07:00:00+00:00,Gold extends gains after Iran minister declares Strait of Hormuz open - CNBC,CNBC,Geopolitics
2026-04-16T07:00:00+00:00,"You asked, we answered: Has gold's performance structurally changed? - World Gold Council",World Gold Council,XAUUSD Gold
2026-04-16T07:00:00+00:00,ASIA GOLD India gold demand lacklustre as elevated prices curb festive buying - Reuters,Reuters,Central Banks
2026-04-15T07:00:00+00:00,Gold gains on revived rate cut bets as Iran peace hopes calm inflation fears - CNBC,CNBC,Federal Reserve
2026-04-14T12:11:20+00:00,Gold Prices Fall as Liquidity Pressures Override Safe Haven Demand - stonex.com,stonex.com,Geopolitics
2026-04-14T07:00:00+00:00,Gold will ‘rally substantially if geopolitical uncertainty remains high while interest rate expectations come down’ – UBS - KITCO,KITCO,Geopolitics
2026-04-14T07:00:00+00:00,"Chinese gold ETFs see record inflows in Q1 as investors, wholesalers and the PBoC jumped on lower prices to stock up – WGC’s Jia - KITCO",KITCO,Central Banks
2026-04-14T07:00:00+00:00,China gold market update: A seasonal demand rebound in March | Post by Ray Jia | Insights - World Gold Council,World Gold Council,Central Banks
2026-04-13T07:00:00+00:00,Why Gold Isn’t Surging Despite Rising Inflation and Geopolitical Risk - U.S. Gold Bureau,U.S. Gold Bureau,Geopolitics
2026-04-13T07:00:00+00:00,Gold Resilient as $100+ Oil Surge Breaks Correlation on Trump’s Hormuz Threat - BullionVault,BullionVault,XAUUSD Gold
2026-04-10T07:00:00+00:00,"Wall Street and Main Street gold sentiment improves after Iran ceasefire deal, but markets remain wary amid uneasy peace - KITCO",KITCO,Geopolitics
2026-04-10T07:00:00+00:00,Gold Forecast: Recovery lacks momentum amid fragile US-Iran ceasefire - FXStreet,FXStreet,Geopolitics
2026-04-10T07:00:00+00:00,Behind Gold’s Three-Week Rally: The Dual Game of Middle East Ceasefire and Domestic Inflation - NAI500,NAI500,Geopolitics
2026-04-10T07:00:00+00:00,"Gold extends three-week rally, but fragile ceasefire and inflation risks cap upside - KITCO",KITCO,Geopolitics
2026-04-10T07:00:00+00:00,"The US dollar, oil and gold: changing dynamics? - allianzgi.com",allianzgi.com,XAUUSD Gold
2026-04-09T07:00:00+00:00,"Gold steady as investors eye US-Iran ceasefire, brace for inflation data - Yahoo Finance Singapore",Yahoo Finance Singapore,Geopolitics
2026-04-09T07:00:00+00:00,Gold ETF Flows: March 2026 - Seeking Alpha,Seeking Alpha,Central Banks
2026-04-09T07:00:00+00:00,India gold demand firms ahead of festival; China premiums ease - Reuters,Reuters,Central Banks
2026-04-08T07:00:00+00:00,Gold Volatility Amid Geopolitical Crises: What History Tells Us - VanEck,VanEck,Geopolitics
2026-04-08T07:00:00+00:00,Geopolitical risks pushing more central banks into gold - Central bank survey - KITCO,KITCO,Geopolitics
2026-04-08T07:00:00+00:00,Iran Ceasefire Pushes Gold And Silver Prices To 3-Week Highs - Forbes,Forbes,Geopolitics
2026-04-08T07:00:00+00:00,Oil Prices Crash 20% After Ceasefire Deal as BTC and Gold Surge - CryptoPotato,CryptoPotato,Geopolitics
2026-04-08T07:00:00+00:00,Investors hedge their bets amid relief Iran ‘doomsday’ off the table - AFR,AFR,Geopolitics
2026-04-08T07:00:00+00:00,"Gold rises 2.3%, extends gains after Trump announces Iran ceasefire pause - The Economic Times",The Economic Times,Geopolitics
2026-04-08T07:00:00+00:00,"Iran-US ceasefire: What is a ceasefire and what it means for the Middle East, India, Pakistan, Asim Munir, - The Economic Times",The Economic Times,Geopolitics
2026-04-08T07:00:00+00:00,"BTC USD and Gold Price Outlook: The War Pause, De-escalation, and Prediction - Cryptonews",Cryptonews,Geopolitics
2026-04-07T12:28:53+00:00,Gold forecast: Trump’s deadline looms as Iran rejects ceasefire - FOREX.com,FOREX.com,Geopolitics
2026-04-07T07:00:00+00:00,Central Bank Gold Statistics: Central banks stay the course on gold in February | Post by Marissa Salim | Insights - World Gold Council,World Gold Council,Central Banks
2026-04-07T07:00:00+00:00,XAU/USD Analysis Today 07/04: Market Focus on U.S.-Iran Conflict (chart) - Daily Forex,Daily Forex,XAUUSD Gold
2026-04-07T07:00:00+00:00,Gold prices jump 2% as markets react to U.S.-Iran ceasefire deal - KITCO,KITCO,Geopolitics
2026-04-07T07:00:00+00:00,‘The shift from dollar reserves to gold is not a prediction but a trend’ and BRICS+ demand could drive the whole gold market - EBC - KITCO,KITCO,Central Banks
2026-04-06T07:00:00+00:00,Why Gold Pulled Back Despite Rising Inflation and Geopolitical Risk - U.S. Gold Bureau,U.S. Gold Bureau,Geopolitics
2026-04-06T07:00:00+00:00,"Technical Analysis of US Crude, XAUUSD, and EURUSD for Today (April 6, 2026) - LiteFinance",LiteFinance,XAUUSD Gold
2026-04-06T07:00:00+00:00,Gold Falls as Trump Threatens Escalation of US Attacks on Iran - Bloomberg.com,Bloomberg.com,Geopolitics
2026-04-06T07:00:00+00:00,Gold Falls As Trump Threatens Escalation Of US Attacks On Iran - NDTV Profit,NDTV Profit,Geopolitics
2026-04-06T07:00:00+00:00,Gold falls as war escalation and jobs data reduce rate-cut bets - The Business Times,The Business Times,Geopolitics
2026-04-06T07:00:00+00:00,"The Gold Trade Collapsed in March, and ETF Investors Flowed Into Bonds at a Record Pace - Morningstar",Morningstar,Central Banks
2026-04-05T07:00:00+00:00,"Gold, Silver Log Weekly Gains Amid Faltering Hopes Of Iran War De-Escalation — More Upside Ahead? - NDTV Profit",NDTV Profit,Geopolitics
2026-04-03T07:00:00+00:00,Morgan Stanley explains why gold is falling despite Iran escalation - Investing.com,Investing.com,Geopolitics
2026-04-02T07:00:00+00:00,XAU/USD Analysis Today 02/04: Gold Sell Recommendations Heading Toward Target (chart) - Daily Forex,Daily Forex,XAUUSD Gold
2026-04-01T07:00:00+00:00,"Gold extends gains on softer dollar, focus on Iran war - Yahoo Finance Singapore",Yahoo Finance Singapore,Geopolitics
2026-04-01T07:00:00+00:00,Gold price extends weekly rise as Trump signals end to war - Mining.com,Mining.com,Geopolitics
2026-04-01T07:00:00+00:00,Gold ticks up as dollar slips on Mideast de-escalation hopes - Deccan Herald,Deccan Herald,Geopolitics
2026-03-31T07:00:00+00:00,"Gold, silver see solid gains on safe-haven demand, rally in oil - KITCO",KITCO,Geopolitics
2026-03-31T07:00:00+00:00,"Gold rebounds toward $4,650 as easing war fears lift demand - FXStreet",FXStreet,Geopolitics
2026-03-31T07:00:00+00:00,What Is the US Dollar Index (DXY)? - ThinkMarkets,ThinkMarkets,XAUUSD Gold
2026-03-30T07:00:00+00:00,Gold stabilises as inflation shock and geopolitical risk begin to realign - KITCO,KITCO,Geopolitics
2026-03-30T07:00:00+00:00,Gold set for worst month in more than 17 years as U.S. rate-cut hopes fade - CNBC,CNBC,Federal Reserve
2026-03-29T07:00:00+00:00,"Gold, Silver To Remain Range-Bound, Powell Speech, Middle East In Focus: Analysts - NDTV Profit",NDTV Profit,Federal Reserve
2026-03-29T07:00:00+00:00,"Gold, silver to remain range-bound, Powell speech, West Asia in focus: Analysts - BusinessLine",BusinessLine,Federal Reserve
2026-03-29T07:00:00+00:00,"Gold prices edge higher amid dip-buying, positive comments from Fed’s Powell - Investing.com",Investing.com,Geopolitics
2026-03-27T12:43:11+00:00,Gold Demand Shifts Between China and India - stonex.com,stonex.com,Central Banks
2026-03-27T07:00:00+00:00,Gold and Silver Technical Analysis: Can XAUUSD Sustain Rebound From Key Support Levels? - FXEmpire,FXEmpire,XAUUSD Gold
2026-03-27T07:00:00+00:00,Zimbabwe gold exports at risk from escalating Middle East war - Mining.com,Mining.com,Geopolitics
2026-03-27T07:00:00+00:00,Zimbabwe gold exports at risk from escalating Middle East war - Bitget,Bitget,Geopolitics
2026-03-26T07:00:00+00:00,Why gold in 2026? Is gold still a strategic asset for Japanese investors? - World Gold Council,World Gold Council,Geopolitics
2026-03-26T07:00:00+00:00,"Gold Price Forecast: XAU/USD recovery falters amid Mideast escalation risks, Bear Cross - FXStreet",FXStreet,Geopolitics
2026-03-26T07:00:00+00:00,Gold declines as Trump threatens Iran with military escalation - Moneycontrol.com,Moneycontrol.com,Geopolitics
2026-03-26T07:00:00+00:00,"Chart alert: Gold (XAU/USD) bearish trend resumes below $4,620 as stagflation and oil strength weigh - marketpulse.com",marketpulse.com,XAUUSD Gold
2026-03-24T20:08:32+00:00,Gold Rally Faces Test Beyond Geopolitical Risk - stonex.com,stonex.com,Geopolitics
2026-03-24T07:00:00+00:00,"Additional central banks to buy gold on geopolitical risks, WGC says - KITCO",KITCO,Geopolitics
2026-03-24T07:00:00+00:00,The Gold Paradox: Why the Gold Stumbled During the US-Iran War? for OANDA:XAUUSD by Gold_Trading_Expert - TradingView,TradingView,Geopolitics
2026-03-23T07:00:00+00:00,Gold Forecast: XAU/USD crumbles as Gulf war escalates; is a turnaround coming? - FXStreet,FXStreet,Geopolitics
2026-03-20T07:00:00+00:00,Geopolitics alone isn’t enough to lift gold - ING Think,ING Think,Geopolitics
2026-03-20T07:00:00+00:00,"Gold price today, Friday, March 20: Gold remains below $4,700 as rate-cut hopes fade - Yahoo Finance",Yahoo Finance,Federal Reserve
2026-03-20T07:00:00+00:00,"Wall Street folds after gold loses 10% in a week, Main Street turns negative as Iran war escalation looms - KITCO",KITCO,Geopolitics
2026-03-20T07:00:00+00:00,"Over $5,500 to Under $4,600: Gold’s Shock Sell-Off: Why De‑Escalation in Iran Could Ignite Fresh Record Highs - CEOWORLD magazine",CEOWORLD magazine,Geopolitics
2026-03-20T07:00:00+00:00,Gold loses safe-haven shine amid escalating war - Dawn,Dawn,Geopolitics
2026-03-19T07:00:00+00:00,Gold prices slump after central banks hold interest rates steady - Yahoo Finance UK,Yahoo Finance UK,Federal Reserve
2026-03-19T07:00:00+00:00,Iran war escalation wakes markets up to risks of deeper economic pain - Reuters,Reuters,Geopolitics
2026-03-19T07:00:00+00:00,"Oil Prices Surge Overseas, Gold Slumps, As Iran War Escalates - Investor's Business Daily",Investor's Business Daily,Geopolitics
2026-03-19T07:00:00+00:00,Asia Gold: India gold discounts ease on festive demand; China premiums ease - Reuters,Reuters,Central Banks
2026-03-18T07:00:00+00:00,📉Gold loses 2% - XTB.com,XTB.com,Federal Reserve
2026-03-18T07:00:00+00:00,Silver and Gold Sink as US Inflation Shock Crushes Fed Rate-Cut Bets | Gold News - BullionVault,BullionVault,Federal Reserve
2026-03-18T07:00:00+00:00,Gold prices are lower after Fed keeps rates unchanged - CNBC,CNBC,Federal Reserve
2026-03-18T07:00:00+00:00,"Why gold prices aren’t rising despite Iran war uncertainty — gold down 1% today now below $5,000 - The Economic Times",The Economic Times,Geopolitics
2026-03-16T07:00:00+00:00,Gold steady as conflict-driven inflation fears counter dollar softness - CNBC,CNBC,Federal Reserve
2026-03-16T07:00:00+00:00,Explained: Why gold prices are falling despite raging Iran war - Investing.com,Investing.com,Geopolitics
2026-03-15T07:00:00+00:00,Analysts have a message for gold investors before the Fed meeting - Yahoo Finance,Yahoo Finance,Federal Reserve
2026-03-15T07:00:00+00:00,Gold steady as weaker dollar offsets fading rate cut hopes - Yahoo Finance Singapore,Yahoo Finance Singapore,Federal Reserve
2026-03-13T07:00:00+00:00,Gold (XAUUSD) Technical Analysis: Strong Dollar Caps Upside Despite US-Iran Tensions - FXEmpire,FXEmpire,XAUUSD Gold
2026-03-13T07:00:00+00:00,China gold market update: Resilient demand in a festive month | Post by Ray Jia | Insights - World Gold Council,World Gold Council,Central Banks
2026-03-12T07:00:00+00:00,"Gold slips over 1% on strong dollar, easing rate-cut bets - CNBC",CNBC,Federal Reserve
2026-03-12T07:00:00+00:00,Gold vs Inflation: What 100 Years of Data Shows - GoldSilver,GoldSilver,XAUUSD Gold
2026-03-10T02:20:54+00:00,"Gold prices rise, helped by a softer dollar and sliding oil prices - Investing.com",Investing.com,Geopolitics
2026-03-09T07:00:00+00:00,"Oil soars then retreats, gold drops as Iran war jolts global commodity markets - Reuters",Reuters,Geopolitics
2026-03-09T07:00:00+00:00,Gold ETF Flows: February 2026 (NYSEARCA:GLD) - Seeking Alpha,Seeking Alpha,Central Banks
2026-03-09T07:00:00+00:00,"Is Bitcoin’s ""Digital Gold"" Narrative Losing Its Shine? - Institutional Investor",Institutional Investor,XAUUSD Gold
2026-03-07T08:00:00+00:00,Pricey gold keeps Indian buyers away; China demand steady - Reuters,Reuters,Central Banks
2026-03-06T08:00:00+00:00,"Gold rises after U.S. payrolls report, but heads for first weekly fall in five - CNBC",CNBC,Geopolitics
2026-03-06T08:00:00+00:00,Gold prices rise nearly 1% amid weaker dollar and sliding oil prices - Investing.com,Investing.com,Geopolitics
2026-03-05T08:00:00+00:00,Inflows supported by opposite shores - World Gold Council,World Gold Council,Central Banks
2026-03-05T08:00:00+00:00,"Gold Surges Past $5,170 as Geopolitical Tensions Override US Dollar Strength - Investing.com",Investing.com,XAUUSD Gold
2026-03-03T08:00:00+00:00,Gold Price Slides Down as Middle East War Ratchets Up - Barron's,Barron's,Geopolitics
2026-03-03T08:00:00+00:00,Gold Rises as Escalating Conflict in Middle East Stokes Demand - Bloomberg.com,Bloomberg.com,Geopolitics
2026-08-29T15:47:44+00:00,Gold Stocks Retail Investors Are Buying As Central Banks Keep Adding Bullion - simplywall.st,simplywall.st,gold buying central banks
2026-08-29T15:25:24+00:00,"Warsh raises stakes for Fed's next meeting, and other takeaways from Jackson Hole conference - PBS",PBS,Federal Reserve rate
2026-08-29T13:06:44+00:00,Factors affecting gold prices - stonex.com,stonex.com,gold price
2026-08-29T12:31:00+00:00,Fed's Reliance on 12-Month CPI Masks Recent Inflation Slowdown - News and Statistics - IndexBox,IndexBox,inflation CPI
2026-08-29T12:20:09+00:00,Fed Rate Hike in September 2026 is Now More Likely Than Not - Norada Real Estate Investments,Norada Real Estate Investments,Federal Reserve rate
2026-08-29T12:05:26+00:00,USD/JPY Forecast: Will Inflation Data Be Enough to Move the Yen? - FOREX.com,FOREX.com,inflation CPI
2026-08-29T09:00:00+00:00,"Why the Fed is often slow, late … and wrong in reading inflation - Fortune",Fortune,inflation CPI
2026-08-29T06:35:36+00:00,OANDA:XAUUSD Chart Image by Olisa_9 - TradingView,TradingView,XAUUSD
2026-08-29T03:42:39+00:00,"Spot gold falls below $4,550/oz after final Consumer Sentiment falls to 51.7, one-year inflation expectations ease - KITCO",KITCO,gold price
2026-08-29T01:34:14+00:00,FOREXCOM:XAUUSD Chart Image by Tomas_124 - TradingView,TradingView,XAUUSD
2026-08-28T21:38:36+00:00,"Warsh Sounds Hawkish, but Will There Be a September Rate Hike? - Morningstar",Morningstar,Federal Reserve rate
2026-08-28T19:50:14+00:00,Iran or the dollar? US makes an example of Banque Misr - Iran International,Iran International,US dollar treasury
2026-08-28T18:48:42+00:00,Gold Update Is XAUUSD becoming a safehaven asset again - stonex.com,stonex.com,XAUUSD
2026-08-28T18:45:00+00:00,"Wall Street holds out hope for gold despite fall to $4,445/oz, Main Street pares bullish majority with payrolls now in focus - KITCO",KITCO,gold price
2026-08-28T18:27:59+00:00,U.S. targets Egyptian bank's UAE branches under new push for Iran's economic isolation - PBS,PBS,US dollar treasury
2026-08-28T18:26:14+00:00,"US Dollar Slammed, USD/JPY Sinks on Treasury Buybacks - stonex.com",stonex.com,US dollar treasury
2026-08-28T18:08:08+00:00,Gold Update Can XAUUSD Hold Above 4500 - stonex.com,stonex.com,XAUUSD
2026-08-28T17:45:47+00:00,"US Treasury imposes new sanctions on Iran, targets regime's use of US currency - The Jerusalem Post",The Jerusalem Post,US dollar treasury
2026-08-28T16:51:00+00:00,"Gold is 'on the radar screen' and the Fed is split 'down the middle,' former Fed president says - KITCO",KITCO,gold price
2026-08-28T14:02:11+00:00,Fed's Warsh: Interest rate increases in play if inflation doesn't fall - Axios,Axios,Federal Reserve rate
2026-08-28T12:34:07+00:00,"Watch Jackson Hole: Fed Rate Hike Would Be Important Signal to Market, Says Patrick Harker - Bloomberg.com",Bloomberg.com,Federal Reserve rate
2026-08-28T11:42:18+00:00,Gold Price Forecast: XAU/USD holds above $4.600 with all eyes on Fed Warsh’s speech - FXStreet,FXStreet,XAUUSD
2026-08-28T11:00:00+00:00,"Gold price falls to $4,543/oz after payrolls revisions show -79,000 jobs in 12 months to March 2026 - KITCO",KITCO,gold price
2026-08-28T08:02:06+00:00,"Technical analysis of US Crude, XAUUSD and EURUSD for Today (August 28, 2026) - LiteFinance",LiteFinance,XAUUSD
2026-08-28T05:48:00+00:00,Gold (XAU/USD) & Silver Price Forecast: Warsh at Jackson Hole Looms as Fed Inflation Warnings Grow - FXEmpire,FXEmpire,XAUUSD
2026-08-28T03:58:08+00:00,Gold Price Forecast: XAU/USD resumes profit-taking pullback before Warsh’s Jackson Hole speech - FXStreet,FXStreet,XAUUSD
2026-08-28T02:04:00+00:00,Faster Tokyo inflation supports near-term BOJ rate hike case - The Japan Times,The Japan Times,inflation CPI
2026-08-28T01:44:35+00:00,$XAU/USD (XAUUSD.CFD)$ - Moomoo,Moomoo,XAUUSD
2026-08-27T23:52:46+00:00,"Tokyo CPI steady in August, core inflation remains close to BOJ target - Investing.com",Investing.com,inflation CPI
2026-08-27T23:45:00+00:00,"Tokyo core inflation creeps near BOJ's target, bolsters rate-hike chance - Reuters",Reuters,inflation CPI
2026-08-27T17:22:45+00:00,"Gold Forecast: XAU/USD Stalls Around $4,600 Ahead of Jackson Hole - FOREX.com",FOREX.com,XAUUSD
2026-08-27T15:12:57+00:00,Chartbook 471 Still Safe? Cognitive dissonance in the Treasury market. - Adam Tooze | Substack,Adam Tooze | Substack,US dollar treasury
2026-08-27T04:03:18+00:00,The year the rich went wild for gold - Financial Times,Financial Times,gold buying central banks
2026-08-27T02:08:00+00:00,Economists See RBA Hike as Early as September After Hot CPI - Bloomberg.com,Bloomberg.com,inflation CPI
2026-08-26T18:57:27+00:00,"Gold Eyes $5,600 As America’s Debt Problem Rewrites The Rules (Commodity:XAUUSD:CUR) - Seeking Alpha",Seeking Alpha,XAUUSD
2026-08-26T18:40:56+00:00,Gold forecast: XAU/USD retreats along with dollar debasement trade - FOREX.com,FOREX.com,XAUUSD
2026-08-26T12:44:00+00:00,Fed’s preferred inflation gauge remains flat at 3.7 percent in July - The Hill,The Hill,inflation CPI
2026-08-26T05:25:22+00:00,US dollar holds near three-month low as Treasury buyback concerns persist - eciks.org,eciks.org,US dollar treasury
2026-08-26T04:55:06+00:00,PEPPERSTONE:XAUUSD Chart Image by Vidollarug - TradingView,TradingView,XAUUSD
2026-08-26T01:30:10+00:00,"Ringgit opens higher as US dollar, Treasury yields ease - mediaselangor.com",mediaselangor.com,US dollar treasury
2026-08-25T19:10:00+00:00,Gold has lost its glitter. Does that mean it’s time to buy? - SMH.com.au,SMH.com.au,war gold safe haven
2026-08-25T18:20:00+00:00,"Gold (XAUUSD), Silver, Platinum Forecasts – Gold Remains Stuck Near $4650 - FXEmpire",FXEmpire,XAUUSD
2026-08-25T18:00:09+00:00,Top 5 platforms to trade gold (XAUUSD) in 2026 - Business Insider Africa,Business Insider Africa,XAUUSD
2026-08-25T07:00:00+00:00,"Inflation Was Moderate in July, but Energy Prices Remain Elevated - The New York Times",The New York Times,inflation CPI
2026-08-25T05:44:57+00:00,"Dollar inches up as markets weigh Iran sanctions, Treasury buybacks - WTVB",WTVB,US dollar treasury
2026-08-25T02:25:00+00:00,"Gold hovers near three-month high on dollar weakness, Treasury bond buyback plans - CNBC",CNBC,US dollar treasury
2026-08-21T07:00:00+00:00,Dollar falls to three-month low on Treasury buyback worries - Reuters,Reuters,US dollar treasury
2026-08-21T07:00:00+00:00,"""Dollar debasement"" talk returns - Axios",Axios,US dollar treasury
2026-08-20T12:29:21+00:00,US dollar pays for treasury yield suppression - Convera,Convera,US dollar treasury
2026-08-20T07:00:00+00:00,US Dollar Price Forecast: Falling Treasury Yields Sink DXY as EUR/USD Breaks Higher - Yahoo Finance,Yahoo Finance,US dollar treasury
2026-08-20T07:00:00+00:00,Dollar near three-month low on Treasury buyback worries - CNBC,CNBC,US dollar treasury
2026-08-19T07:00:00+00:00,"Trump bemoans Fed interest rate policy, says U.S. should be paying much less - CNBC",CNBC,Federal Reserve rate
2026-08-19T07:00:00+00:00,Dollar falls after US Treasury plans more bond buybacks - Reuters,Reuters,US dollar treasury
2026-08-18T07:48:44+00:00,"Gold regains its status as a ""safe haven"" and is already up 9% in August - Reuters - Українські Національні Новини (УНН)",Українські Національні Новини (УНН),war gold safe haven
2026-08-18T07:00:00+00:00,Gold appears set for a rebound as it regains safe-haven appeal after US-Iran war selloff - The Economic Times,The Economic Times,war gold safe haven
2026-08-17T17:58:00+00:00,Gold shows early signs of reclaiming safe-haven appeal after Iran war selloff - Forex Factory,Forex Factory,war gold safe haven
2026-08-17T07:00:00+00:00,Gold standard is reborn amid central bank surge - thestreet.com,thestreet.com,gold buying central banks
2026-08-12T07:00:00+00:00,"Consumer Price Index, New York-Newark-Jersey City — July 2026 - Bureau of Labor Statistics (.gov)",Bureau of Labor Statistics (.gov),inflation CPI
2026-08-12T07:00:00+00:00,Inflation remained stubborn in July as wages slowed for workers - NBC News,NBC News,inflation CPI
2026-07-29T07:00:00+00:00,Fed leaves interest rate unchanged but with 3 dissents as Warsh praises ‘good family fight’ - AP News,AP News,Federal Reserve rate
2026-07-28T07:00:00+00:00,Will tough talk be enough? Fed Chair Warsh faces pressure to combat inflation - AP News,AP News,Federal Reserve rate
2026-07-04T07:00:00+00:00,How gold's safe-haven appeal has evolved during Iran war and geopolitical uncertainty - thenationalnews.com,thenationalnews.com,war gold safe haven
2026-07-03T07:00:00+00:00,Safe havens aren't behaving like they used to. Here's what's changed - CNBC,CNBC,war gold safe haven
2026-06-23T07:00:00+00:00,Gold’s Safe-Haven Failure Shows the Fed Is Driving the Trade - Investing.com,Investing.com,war gold safe haven
2026-06-16T07:00:00+00:00,Gold Fails the Safe Haven Test Again - Fisher Investments,Fisher Investments,war gold safe haven
2026-06-05T07:00:00+00:00,Has Gold Lost Its Safe Haven Status? - Robin J Brooks | Substack,Robin J Brooks | Substack,war gold safe haven
2026-05-11T07:00:00+00:00,Why gold isn’t acting like a safe haven right now - ING Think,ING Think,war gold safe haven
2026-05-06T07:00:00+00:00,Why Gold’s Safe-Haven Trade Is Breaking Down During War - Forbes,Forbes,war gold safe haven
2026-03-25T07:00:00+00:00,Gold is meant to be a ‘safe haven’ in uncertain times. Why is it crashing amid a war? - The Conversation,The Conversation,war gold safe haven
